N.Departamento;Municipios;Cantidad;Primaria;Secundaria;Por falta de apoyo;Por fata de recursos;Por problemas familiares;Por problemas con el docente;Por falta de interes;Por nececidda ;Poca motivacion;Estrto medio;Estrato bajo
Antioquia;Medellнn;124.936;4.529;10.270;139.735;93.233;6.753;17.979;117.965;35.345;1.144;2.774;39.263
Antioquia;Abejorral;1.461;27;62;1.550;865;37;96;998;304;7;15;326
Antioquia;Abriaquн;158;2;0;160;129;2;0;131;51;1;0;52
Antioquia;Alejandrнa;324;9;0;333;165;6;0;171;52;0;0;52
Antioquia;Amagб;1.687;44;186;1.917;1.204;94;378;1.676;427;18;38;483
Antioquia;Amalfi;2.214;80;43;2.337;1.596;73;47;1.716;364;4;1;369
Antioquia;Andes;3.077;131;306;3.514;2.407;136;334;2.877;841;20;67;928
Antioquia;Angelуpolis;471;3;18;492;351;3;19;373;130;0;0;130
Antioquia;Angostura;946;23;56;1.025;1.080;119;23;1.222;483;36;1;520
Antioquia;Anorн;1.661;119;217;1.997;1.085;59;89;1.233;316;8;10;334
Antioquia;Santafй de Antioquia;2.060;44;169;2.273;2.065;178;152;2.395;660;39;59;758
Antioquia;Anza;612;14;44;670;337;5;0;342;83;1;0;84
Antioquia;Apartadу;11.458;410;897;12.765;8.210;721;1.235;10.166;2.371;114;184;2.669
Antioquia;Arboletes;3.469;89;227;3.785;3.128;136;151;3.415;987;44;27;1.058
Antioquia;Argelia;692;33;65;790;357;48;28;433;111;6;3;120
Antioquia;Armenia;248;11;11;270;179;9;10;198;69;2;0;71
Antioquia;Barbosa;2.866;33;148;3.047;2.576;97;183;2.856;903;36;37;976
Antioquia;Belmira;580;17;73;670;554;22;13;589;148;6;4;158
Antioquia;Bello;25.912;649;350;26.911;20.927;805;328;22.060;6.446;130;150;6.726
Antioquia;Betania;758;37;54;849;450;53;9;512;120;9;3;132
Antioquia;Betulia;1.493;83;68;1.644;1.130;100;51;1.281;372;21;21;414
Antioquia;Ciudad Bolнvar;1.911;153;106;2.170;1.372;165;87;1.624;383;8;18;409
Antioquia;Briceсo;792;14;120;926;473;15;64;552;81;1;15;97
Antioquia;Buriticб;779;29;41;849;438;52;22;512;123;2;2;127
Antioquia;Cбceres;3.569;233;310;4.112;2.129;154;100;2.383;414;12;21;447
Antioquia;Caicedo;742;16;60;818;457;22;29;508;129;2;1;132
Antioquia;Caldas;4.075;137;348;4.560;3.196;221;639;4.056;1.332;37;132;1.501
Antioquia;Campamento;936;35;100;1.071;298;22;53;373;82;3;1;86
Antioquia;Caсasgordas;1.269;28;30;1.327;1.048;44;24;1.116;299;4;7;310
Antioquia;Caracolн;328;13;18;359;178;1;8;187;56;0;2;58
Antioquia;Caramanta;347;4;14;365;256;21;9;286;76;1;0;77
Antioquia;Carepa;5.326;224;292;5.842;3.673;239;297;4.209;905;42;27;974
Antioquia;El Carmen de Viboral;3.846;73;357;4.276;3.011;125;261;3.397;953;18;29;1.000
Antioquia;Carolina;255;4;17;276;252;7;0;259;75;0;0;75
Antioquia;Caucasia;8.776;403;734;9.913;6.805;430;771;8.006;1.824;81;123;2.028
Antioquia;Chigorodу;6.323;291;413;7.027;4.279;363;406;5.048;1.283;46;73;1.402
Antioquia;Cisneros;587;8;25;620;539;20;21;580;186;2;8;196
Antioquia;Cocornб;1.374;31;77;1.482;844;67;111;1.022;252;13;10;275
Antioquia;Concepciуn;299;7;6;312;109;6;6;121;50;3;1;54
Antioquia;Concordia;1.475;57;95;1.627;1.527;58;30;1.615;497;13;3;513
Antioquia;Copacabana;3.944;111;200;4.255;3.376;158;443;3.977;1.238;29;97;1.364
Antioquia;Dabeiba;2.703;169;243;3.115;1.395;79;103;1.577;407;20;16;443
Antioquia;Don Matнas;1.504;55;0;1.559;1.160;74;0;1.234;303;14;1;318
Antioquia;Ebйjico;731;16;63;810;544;28;91;663;213;2;7;222
Antioquia;El Bagre;6.509;368;199;7.076;3.573;264;231;4.068;893;39;68;1.000
Antioquia;Entrerrios;642;31;48;721;536;47;5;588;179;2;4;185
Antioquia;Envigado;5.719;103;118;5.940;5.360;170;171;5.701;2.472;49;87;2.608
Antioquia;Fredonia;1.219;38;41;1.298;1.156;48;56;1.260;411;5;8;424
Antioquia;Frontino;2.571;77;39;2.687;1.307;79;26;1.412;414;7;8;429
Antioquia;Giraldo;506;15;41;562;390;20;16;426;100;3;2;105
Antioquia;Girardota;2.366;79;224;2.669;1.742;152;364;2.258;709;22;54;785
Antioquia;Gуmez Plata;568;26;58;652;492;23;65;580;146;7;9;162
Antioquia;Granada;817;22;43;882;529;43;58;630;205;5;10;220
Antioquia;Guadalupe;486;5;37;528;277;12;51;340;104;4;17;125
Antioquia;Guarne;2.583;47;156;2.786;1.991;81;171;2.243;734;15;40;789
Antioquia;Guatape;492;8;0;500;441;19;47;507;177;2;5;184
Antioquia;Heliconia;382;15;10;407;348;19;19;386;105;1;1;107
Antioquia;Hispania;435;3;0;438;284;1;42;327;66;0;3;69
Antioquia;Itagьн;11.827;252;568;12.647;9.946;475;1.320;11.741;3.977;100;378;4.455
Antioquia;Ituango;2.270;113;160;2.543;1.449;137;56;1.642;466;25;11;502
Antioquia;Jardнn;1.016;36;75;1.127;821;34;77;932;296;3;13;312
Antioquia;Jericу;744;19;30;793;664;29;51;744;296;2;6;304
Antioquia;La Ceja;3.727;38;150;3.915;2.745;104;293;3.142;1.005;17;118;1.140
Antioquia;La Estrella;2.264;76;133;2.473;2.037;137;214;2.388;706;35;42;783
Antioquia;La Pintada;641;37;21;699;450;51;60;561;108;1;8;117
Antioquia;La Uniуn;1.481;34;163;1.678;1.081;61;132;1.274;444;11;12;467
Antioquia;Liborina;853;5;2;860;667;21;4;692;217;2;0;219
Antioquia;Maceo;795;28;35;858;549;37;25;611;130;1;1;132
Antioquia;Marinilla;4.130;83;108;4.321;3.864;251;184;4.299;1.436;34;56;1.526
Antioquia;Montebello;454;14;51;519;250;13;11;274;104;2;0;106
Antioquia;Muri у;830;45;0;875;179;15;0;194;33;1;0;34
Antioquia;Mutatб;2.340;115;206;2.661;1.345;109;56;1.510;310;9;14;333
Antioquia;Nariсo;795;50;115;960;511;45;52;608;166;11;11;188
Antioquia;Necoclн;6.678;286;355;7.319;4.354;328;222;4.904;997;55;43;1.095
Antioquia;Nechн;3.234;218;263;3.715;1.775;215;49;2.039;334;19;3;356
Antioquia;Olaya;211;8;15;234;155;11;26;192;66;0;2;68
Antioquia;Peсol;1.335;17;77;1.429;805;46;61;912;280;8;14;302
Antioquia;Peque;708;11;108;827;410;18;45;473;107;1;0;108
Antioquia;Pueblorrico;690;23;13;726;466;27;5;498;136;1;0;137
Antioquia;Puerto Berrнo;3.070;113;106;3.289;2.233;88;98;2.419;756;14;20;790
Antioquia;Puerto Nare;1.009;35;146;1.190;756;44;82;882;241;9;18;268
Antioquia;Puerto Triunfo;1.681;122;116;1.919;982;96;91;1.169;236;9;14;259
Antioquia;Remedios;3.598;126;153;3.877;2.068;109;155;2.332;524;7;7;538
Antioquia;Retiro;1.113;32;67;1.212;871;55;51;977;313;8;17;338
Antioquia;Rionegro;6.137;180;909;7.226;4.542;338;1.568;6.448;1.943;61;222;2.226
Antioquia;Sabanalarga;791;32;80;903;465;39;43;547;98;6;8;112
Antioquia;Sabaneta;2.612;44;87;2.743;2.244;43;272;2.559;936;8;63;1.007
Antioquia;Salgar;1.500;96;133;1.729;669;93;87;849;205;7;6;218
Antioquia;San Andrйs;705;15;33;753;335;8;36;379;112;6;3;121
Antioquia;San Carlos;1.255;41;136;1.432;898;52;164;1.114;298;12;15;325
Antioquia;San Francisco;540;13;43;596;223;21;13;257;66;3;0;69
Antioquia;San Jerуnimo;963;12;60;1.035;709;33;116;858;290;6;11;307
Antioquia;San Josй de la Montaсa;311;14;0;325;226;18;0;244;61;5;2;68
Antioquia;San Juan de Urabб;2.998;88;166;3.252;1.809;179;143;2.131;485;25;4;514
Antioquia;San Luis;1.329;42;61;1.432;777;37;62;876;253;9;5;267
Antioquia;San Pedro;2.003;50;95;2.148;1.684;65;126;1.875;669;10;19;698
Antioquia;San Pedro de Uraba;4.185;103;176;4.464;2.841;174;203;3.218;879;45;19;943
Antioquia;San Rafael;1.031;22;62;1.115;1.405;56;55;1.516;531;14;22;567
Antioquia;San Roque;1.791;38;21;1.850;1.108;51;50;1.209;351;4;8;363
Antioquia;San Vicente;1.314;25;129;1.468;932;33;117;1.082;326;4;14;344
Antioquia;Santa Bбrbara;1.545;24;90;1.659;1.078;62;124;1.264;390;12;33;435
Antioquia;Santa Rosa de Osos;3.017;113;98;3.228;2.407;136;173;2.716;876;22;43;941
Antioquia;Santo Domingo;982;30;59;1.071;837;38;47;922;293;5;9;307
Antioquia;El Santuario;2.470;58;113;2.641;1.670;132;215;2.017;549;14;16;579
Antioquia;Segovia;3.430;285;73;3.788;2.074;326;42;2.442;504;17;6;527
Antioquia;Sonson;2.806;106;168;3.080;2.100;145;162;2.407;700;28;28;756
Antioquia;Sopetrбn;1.090;23;68;1.181;812;24;97;933;273;8;4;285
Antioquia;Tбmesis;1.023;15;25;1.063;992;21;43;1.056;392;6;14;412
Antioquia;Tarazб;3.411;363;267;4.041;1.519;164;375;2.058;305;17;55;377
Antioquia;Tarso;352;6;54;412;288;10;71;369;102;4;13;119
Antioquia;Titiribн;578;14;50;642;425;39;96;560;124;3;6;133
Antioquia;Toledo;535;8;127;670;363;16;30;409;57;0;0;57
Antioquia;Turbo;17.243;546;855;18.644;10.902;656;1.009;12.567;3.148;97;118;3.363
Antioquia;Uramita;746;13;45;804;323;6;19;348;129;2;7;138
Antioquia;Urrao;2.698;123;328;3.149;1.688;73;106;1.867;598;12;13;623
Antioquia;Valdivia;1.842;51;0;1.893;801;29;0;830;176;4;0;180
Antioquia;Valparaнso;375;19;8;402;302;10;3;315;105;5;0;110
Antioquia;Vegachн;1.290;78;72;1.440;886;84;5;975;273;15;1;289
Antioquia;Venecia;842;37;0;879;657;60;0;717;213;6;1;220
Antioquia;Vigнa del Fuerte;1.346;27;30;1.403;601;64;13;678;228;31;2;261
Antioquia;Yalн;576;21;0;597;403;26;0;429;80;4;0;84
Antioquia;Yarumal;3.597;56;59;3.712;2.603;121;151;2.875;845;18;23;886
Antioquia;Yolombу;1.902;31;15;1.948;1.296;56;44;1.396;395;6;9;410
Antioquia;Yondу;1.753;96;179;2.028;911;89;120;1.120;221;11;17;249
Antioquia;Zaragoza;4.180;143;86;4.409;2.215;126;2;2.343;396;9;0;405
Atlбntico;Barranquilla;80.355;666;4.547;85.568;63.004;403;5.172;68.579;23.520;124;867;24.511
Atlбntico;Baranoa;3.938;84;224;4.246;3.884;55;317;4.256;1.625;14;69;1.708
Atlбntico;Campo de la Cruz;2.290;32;190;2.512;1.339;49;110;1.498;397;10;7;414
Atlбntico;Ca elaria;1.414;30;80;1.524;948;71;73;1.092;359;22;18;399
Atlбntico;Galapa;4.160;247;158;4.565;3.150;221;239;3.610;1.136;44;40;1.220
Atlбntico;Juan de Acosta;1.301;47;150;1.498;1.071;27;64;1.162;408;13;46;467
Atlбntico;Luruaco;2.514;72;105;2.691;1.899;47;104;2.050;642;18;16;676
Atlбntico;Malambo;10.024;172;8;10.204;7.240;147;11;7.398;2.129;26;11;2.166
Atlбntico;Manatн;1.775;72;45;1.892;1.288;58;53;1.399;491;11;9;511
Atlбntico;Palmar de Varela;2.243;47;84;2.374;1.711;81;143;1.935;690;8;29;727
Atlбntico;Piojу;457;12;23;492;323;33;23;379;111;4;0;115
Atlбntico;Polonuevo;1.377;52;76;1.505;959;54;73;1.086;342;10;15;367
Atlбntico;Ponedera;2.051;123;112;2.286;1.467;160;48;1.675;493;26;5;524
Atlбntico;Puerto Colombia;1.853;47;117;2.017;2.029;44;112;2.185;817;9;22;848
Atlбntico;Repelуn;2.429;56;75;2.560;1.602;79;138;1.819;585;20;33;638
Atlбntico;Sabanagra e;2.675;13;105;2.793;2.009;27;142;2.178;815;14;46;875
Atlбntico;Sabanalarga;7.432;230;346;8.008;5.275;153;424;5.852;2.179;46;62;2.287
Atlбntico;Santa Lucнa;1.093;5;0;1.098;843;8;0;851;249;1;12;262
Atlбntico;Santo Tomбs;1.469;28;71;1.568;1.320;34;0;1.354;511;8;0;519
Atlбntico;Soledad;39.305;664;1.346;41.315;28.559;560;2.135;31.254;9.780;106;409;10.295
Atlбntico;Suan;1.034;5;120;1.159;710;10;0;720;274;2;0;276
Atlбntico;Tubarб;955;29;80;1.064;626;22;51;699;285;3;6;294
Atlбntico;Usiacurн;725;7;26;758;475;20;48;543;181;9;20;210
Bogotб, D.C.;Bogotб, D.C.;309.096;4.223;21;313.340;253.547;5.217;172;258.936;98.022;1.559;2.183;101.764
Bolнvar;Cartagena;68.904;2.014;6.068;76.986;49.489;1.859;7.251;58.599;17.993;504;1.707;20.204
Bolнvar;Achн;2.837;49;59;2.945;1.834;55;29;1.918;578;28;11;617
Bolнvar;Altos del Rosario;1.198;24;115;1.337;621;22;49;692;236;5;6;247
Bolнvar;Arenal;894;11;57;962;588;11;31;630;176;4;2;182
Bolнvar;Arjona;5.493;128;348;5.969;4.249;109;460;4.818;1.547;31;100;1.678
Bolнvar;Arroyohondo;839;23;84;946;507;15;91;613;174;3;20;197
Bolнvar;Barranco de Loba;2.124;98;168;2.390;1.268;119;61;1.448;317;22;15;354
Bolнvar;Calamar;2.632;9;40;2.681;1.852;20;45;1.917;562;4;26;592
Bolнvar;Cantagallo;1.026;50;108;1.184;480;30;49;559;132;4;6;142
Bolнvar;Cicuco;1.612;27;85;1.724;994;36;46;1.076;258;4;11;273
Bolнvar;Cуrdoba;1.750;12;66;1.828;1.192;16;57;1.265;439;4;3;446
Bolнvar;Clemencia;1.309;8;18;1.335;985;5;25;1.015;306;4;5;315
Bolнvar;El Carmen de Bolнvar;7.187;149;316;7.652;4.659;107;272;5.038;1.434;35;49;1.518
Bolнvar;El Guamo;691;3;22;716;513;2;16;531;178;1;2;181
Bolнvar;El Peсуn;917;21;119;1.057;579;29;66;674;157;2;10;169
Bolнvar;Hatillo de Loba;1.458;23;151;1.632;986;10;76;1.072;292;6;11;309
Bolнvar;Maganguй;11.531;376;959;12.866;7.690;471;1.191;9.352;2.405;69;194;2.668
Bolнvar;Mahates;2.618;38;148;2.804;1.976;23;152;2.151;692;6;37;735
Bolнvar;Margarita;1.092;37;33;1.162;738;26;15;779;253;4;1;258
Bolнvar;Marнa la Baja;5.466;89;339;5.894;3.493;81;325;3.899;1.149;38;55;1.242
Bolнvar;Montecristo;1.761;87;242;2.090;682;40;66;788;92;4;8;104
Bolнvar;Mompуs;4.557;117;484;5.158;3.266;230;275;3.771;992;42;84;1.118
Bolнvar;Morales;2.272;55;110;2.437;1.313;33;88;1.434;284;4;11;299
Bolнvar;Norosi;1.085;32;108;1.225;432;52;12;496;66;4;7;77
Bolнvar;Pinillos;2.837;87;186;3.110;1.947;111;175;2.233;558;12;18;588
Bolнvar;Regidor;597;18;22;637;374;13;7;394;76;3;3;82
Bolнvar;Rнo Viejo;964;7;58;1.029;519;17;92;628;120;2;7;129
Bolнvar;San Cristуbal;675;5;38;718;539;3;52;594;166;1;21;188
Bolнvar;San Estanislao;1.611;21;170;1.802;1.171;29;127;1.327;451;4;25;480
Bolнvar;San Fernando;1.237;26;42;1.305;609;28;74;711;198;4;35;237
Bolнvar;San Jacinto;2.311;37;57;2.405;1.570;56;117;1.743;528;13;29;570
Bolнvar;San Jacinto del Cauca;1.127;15;18;1.160;766;18;16;800;191;8;3;202
Bolнvar;San Juan Nepomuceno;3.175;111;72;3.358;2.286;37;179;2.502;877;10;49;936
Bolнvar;San Martнn de Loba;2.014;32;63;2.109;1.188;76;85;1.349;342;16;18;376
Bolнvar;San Pablo;3.598;147;71;3.816;1.851;46;22;1.919;508;8;25;541
Bolнvar;Santa Catalina;1.217;15;113;1.345;937;13;209;1.159;324;0;26;350
Bolнvar;Santa Rosa;1.702;10;67;1.779;1.288;7;27;1.322;439;1;9;449
Bolнvar;Santa Rosa del Sur;4.020;174;232;4.426;2.416;160;109;2.685;504;33;43;580
Bolнvar;Simitн;1.864;70;125;2.059;1.077;73;74;1.224;287;28;5;320
Bolнvar;Soplaviento;764;6;0;770;593;7;27;627;254;3;11;268
Bolнvar;Talaigua Nuevo;1.517;17;24;1.558;1.002;9;34;1.045;360;2;11;373
Bolнvar;Tiquisio;2.936;61;187;3.184;1.569;44;72;1.685;360;8;21;389
Bolнvar;Turbaco;5.621;147;363;6.131;4.152;149;418;4.719;1.387;33;92;1.512
Bolнvar;Turbanб;1.478;20;54;1.552;1.131;18;25;1.174;403;8;3;414
Bolнvar;Villanueva;2.127;14;72;2.213;1.410;32;207;1.649;425;2;29;456
Bolнvar;Zambrano;1.000;12;16;1.028;866;14;16;896;272;15;1;288
Boyacб;Tunja;8.710;103;462;9.275;8.302;240;1.094;9.636;3.117;45;272;3.434
Boyacб;Almeida;83;0;3;86;79;3;8;90;41;0;0;41
Boyacб;Aquitania;1.340;27;76;1.443;949;52;99;1.100;364;17;39;420
Boyacб;Arcabuco;439;4;13;456;315;19;86;420;158;2;10;170
Boyacб;Belйn;597;3;7;607;503;9;27;539;271;2;4;277
Boyacб;Berbeo;120;0;0;120;90;6;10;106;52;1;1;54
Boyacб;Betйitiva;107;1;4;112;83;1;1;85;45;0;6;51
Boyacб;Boavita;373;2;20;395;364;7;40;411;142;5;17;164
Boyacб;Boyacб;371;0;0;371;275;9;14;298;119;3;1;123
Boyacб;Briceсo;158;6;5;169;115;11;24;150;50;3;4;57
Boyacб;Buenavista;330;4;5;339;307;11;26;344;157;3;5;165
Boyacб;Busbanzб;45;0;2;47;31;2;3;36;12;0;2;14
Boyacб;Caldas;207;0;0;207;198;4;0;202;70;3;1;74
Boyacб;Campohermoso;207;2;3;212;146;4;10;160;71;1;3;75
Boyacб;Cerinza;207;0;17;224;201;1;29;231;88;1;4;93
Boyacб;Chinavita;202;5;18;225;158;10;26;194;77;3;5;85
Boyacб;Chiquinquirб;3.858;67;71;3.996;3.357;189;339;3.885;1.431;54;97;1.582
Boyacб;Chiscas;267;3;7;277;228;3;8;239;106;1;1;108
Boyacб;Chita;849;7;19;875;605;32;60;697;263;12;2;277
Boyacб;Chitaraque;420;4;7;431;343;3;14;360;107;0;2;109
Boyacб;Chivatб;180;0;23;203;117;3;38;158;61;1;12;74
Boyacб;Ciйnega;379;1;14;394;277;9;27;313;141;3;2;146
Boyacб;Cуmbita;612;10;21;643;432;38;94;564;171;6;14;191
Boyacб;Coper;248;2;4;254;205;9;15;229;81;4;3;88
Boyacб;Corrales;170;3;18;191;139;6;6;151;57;0;2;59
Boyacб;Covarachнa;192;2;14;208;158;10;18;186;67;0;4;71
Boyacб;Cubarб;726;22;0;748;333;3;0;336;100;1;5;106
Boyacб;Cucaita;308;2;18;328;251;4;19;274;121;2;12;135
Boyacб;Cuнtiva;123;0;2;125;102;2;20;124;43;1;7;51
Boyacб;Chнquiza;349;0;9;358;277;1;3;281;115;0;0;115
Boyacб;Chivor;152;1;0;153;113;5;0;118;72;7;3;82
Boyacб;Duitama;6.270;64;267;6.601;6.032;111;582;6.725;2.671;32;208;2.911
Boyacб;El Cocuy;343;3;9;355;298;8;21;327;106;5;3;114
Boyacб;El Espino;189;0;0;189;173;3;0;176;94;4;0;98
Boyacб;Firavitoba;341;1;5;347;290;4;18;312;105;3;14;122
Boyacб;Floresta;199;0;13;212;165;1;17;183;102;0;4;106
Boyacб;Gachantivб;244;3;0;247;224;7;7;238;98;2;2;102
Boyacб;Gameza;435;2;5;442;294;4;12;310;108;4;2;114
Boyacб;Garagoa;901;15;33;949;824;29;93;946;394;7;25;426
Boyacб;Guacamayas;91;0;3;94;97;1;7;105;48;0;0;48
Boyacб;Guateque;615;7;18;640;605;19;46;670;259;8;16;283
Boyacб;Guayatб;198;1;13;212;176;2;21;199;72;0;1;73
Boyacб;Gьicбn;297;2;3;302;234;3;2;239;120;2;0;122
Boyacб;Iza;153;2;9;164;114;6;9;129;25;0;0;25
Boyacб;Jenesano;482;0;21;503;436;4;38;478;162;3;12;177
Boyacб;Jericу;327;2;6;335;214;15;25;254;72;2;0;74
Boyacб;Labranzagra e;256;0;8;264;135;2;1;138;49;4;0;53
Boyacб;La Capilla;142;1;1;144;137;6;6;149;76;1;1;78
Boyacб;La Victoria;84;1;1;86;62;0;10;72;27;0;4;31
Boyacб;La Uvita;180;4;12;196;123;12;41;176;81;2;7;90
Boyacб;Villa de Leyva;1.014;18;53;1.085;912;25;87;1.024;366;4;16;386
Boyacб;Macanal;261;9;10;280;225;13;11;249;97;1;0;98
Boyacб;Maripн;382;9;14;405;393;13;23;429;168;5;3;176
Boyacб;Miraflores;540;8;20;568;443;22;10;475;196;2;1;199
Boyacб;Mongua;397;7;0;404;268;8;6;282;105;7;2;114
Boyacб;Monguн;362;5;1;368;288;7;19;314;150;4;8;162
Boyacб;Moniquirб;1.460;24;85;1.569;1.170;36;100;1.306;545;15;4;564
Boyacб;Motavita;394;0;0;394;281;8;31;320;120;4;17;141
Boyacб;Muzo;660;14;32;706;507;45;38;590;225;7;9;241
Boyacб;Nobsa;801;13;3;817;678;9;16;703;302;6;2;310
Boyacб;Nuevo Colуn;380;0;10;390;293;7;19;319;122;3;4;129
Boyacб;Oicatб;155;3;10;168;131;5;12;148;43;2;2;47
Boyacб;Otanche;592;6;0;598;569;6;3;578;214;8;2;224
Boyacб;Pachavita;156;2;7;165;105;7;10;122;47;0;2;49
Boyacб;Pбez;235;1;3;239;168;4;5;177;69;1;5;75
Boyacб;Paipa;1.895;38;128;2.061;1.574;81;336;1.991;697;15;82;794
Boyacб;Pajarito;161;4;13;178;108;8;32;148;46;8;5;59
Boyacб;Panqueba;113;0;4;117;135;3;0;138;60;0;0;60
Boyacб;Pauna;578;10;10;598;500;22;23;545;236;6;4;246
Boyacб;Paya;200;0;11;211;158;2;14;174;54;1;3;58
Boyacб;Paz de Rнo;226;1;10;237;221;4;56;281;100;0;7;107
Boyacб;Pesca;586;4;10;600;400;14;21;435;157;3;3;163
Boyacб;Pisba;145;2;15;162;82;14;13;109;27;1;1;29
Boyacб;Puerto Boyacб;3.940;141;166;4.247;2.917;203;342;3.462;1.017;47;62;1.126
Boyacб;Quнpama;350;6;32;388;319;24;70;413;136;7;3;146
Boyacб;Ramiriquн;667;9;49;725;642;23;51;716;297;10;32;339
Boyacб;Rбquira;566;7;16;589;320;15;40;375;131;2;3;136
Boyacб;Ro уn;181;0;4;185;153;6;8;167;62;1;0;63
Boyacб;Saboyб;837;12;43;892;730;24;93;847;293;11;39;343
Boyacб;Sбchica;284;1;22;307;234;8;17;259;90;2;1;93
Boyacб;Samacб;1.729;16;47;1.792;1.224;48;116;1.388;439;7;14;460
Boyacб;San Eduardo;106;3;3;112;87;1;5;93;46;0;3;49
Boyacб;San Josй de Pare;318;18;0;336;203;20;31;254;85;3;12;100
Boyacб;San Luis de Gaceno;372;7;1;380;365;9;18;392;136;6;4;146
Boyacб;San Mateo;244;9;7;260;213;7;13;233;87;5;11;103
Boyacб;San Miguel de Sema;259;1;3;263;266;9;18;293;104;1;1;106
Boyacб;San Pablo de Borbur;526;3;7;536;463;15;19;497;176;7;1;184
Boyacб;Santana;595;9;0;604;497;11;0;508;163;4;0;167
Boyacб;Santa Marнa;261;3;16;280;171;1;21;193;90;1;0;91
Boyacб;Santa Rosa de Viterbo;611;10;62;683;490;14;88;592;223;3;12;238
Boyacб;Santa Sofнa;228;3;0;231;183;5;0;188;70;0;0;70
Boyacб;Sativanorte;133;0;6;139;120;3;9;132;46;0;4;50
Boyacб;Sativasur;66;2;0;68;82;2;0;84;41;1;0;42
Boyacб;Siachoque;652;1;18;671;509;17;75;601;198;8;28;234
Boyacб;Soatб;574;2;14;590;542;1;50;593;247;0;33;280
Boyacб;Socotб;683;2;2;687;465;15;33;513;139;4;5;148
Boyacб;Socha;612;5;0;617;552;7;42;601;242;2;1;245
Boyacб;Sogamoso;7.411;101;225;7.737;6.562;143;465;7.170;2.627;30;71;2.728
Boyacб;Somo oco;151;2;0;153;169;3;0;172;86;3;1;90
Boyacб;Sora;224;1;3;228;205;4;17;226;97;0;0;97
Boyacб;Sotaquirб;672;3;0;675;462;27;33;522;169;9;0;178
Boyacб;Soracб;658;2;0;660;590;27;5;622;205;3;11;219
Boyacб;Susacуn;145;0;1;146;124;4;0;128;66;0;0;66
Boyacб;Sutamarchбn;434;8;6;448;286;8;42;336;146;6;4;156
Boyacб;Sutatenza;179;2;1;182;163;6;4;173;88;3;3;94
Boyacб;Tasco;457;8;29;494;319;12;82;413;133;5;13;151
Boyacб;Tenza;203;4;5;212;185;4;15;204;74;1;4;79
Boyacб;Tibanб;607;9;35;651;475;11;54;540;244;4;9;257
Boyacб;Tibasosa;713;13;26;752;702;31;43;776;275;4;7;286
Boyacб;Tinjacб;196;0;10;206;153;8;31;192;65;0;2;67
Boyacб;Tipacoque;261;1;5;267;167;2;34;203;98;0;1;99
Boyacб;Toca;827;10;21;858;535;27;53;615;265;14;20;299
Boyacб;Togьн;377;9;28;414;288;29;46;363;92;2;28;122
Boyacб;Tуpaga;304;5;7;316;212;9;7;228;80;3;1;84
Boyacб;Tota;457;9;13;479;278;19;50;347;107;4;15;126
Boyacб;Tununguб;114;4;0;118;119;4;0;123;36;3;0;39
Boyacб;Turmequй;526;2;8;536;570;6;20;596;257;0;6;263
Boyacб;Tuta;700;10;13;723;714;7;37;758;298;6;12;316
Boyacб;Tutazб;146;0;7;153;118;0;9;127;90;1;0;91
Boyacб;Umbita;548;3;9;560;373;10;36;419;206;7;10;223
Boyacб;Ventaquemada;1.094;7;24;1.125;958;27;96;1.081;468;3;23;494
Boyacб;Viracachб;171;1;0;172;134;7;25;166;54;5;10;69
Boyacб;Zetaquira;328;1;0;329;334;7;28;369;142;4;2;148
Caldas;Manizales;15.640;332;703;16.675;15.066;576;1.382;17.024;5.659;130;328;6.117
Caldas;Aguadas;1.420;30;90;1.540;1.188;43;122;1.353;472;16;18;506
Caldas;Anserma;2.093;63;139;2.295;1.612;109;275;1.996;565;16;42;623
Caldas;Aranzazu;732;13;41;786;613;24;78;715;260;7;9;276
Caldas;Belalcбzar;775;23;81;879;500;45;135;680;142;9;6;157
Caldas;Chinchinб;3.279;89;227;3.595;2.322;123;399;2.844;835;25;97;957
Caldas;Filadelfia;661;17;38;716;560;52;52;664;186;6;12;204
Caldas;La Dorada;4.564;181;423;5.168;3.198;231;522;3.951;1.128;54;96;1.278
Caldas;La Merced;369;14;11;394;402;11;18;431;177;1;2;180
Caldas;Manzanares;1.131;22;49;1.202;952;52;72;1.076;392;18;14;424
Caldas;Marmato;776;20;40;836;557;29;64;650;178;3;2;183
Caldas;Marquetalia;1.075;18;15;1.108;919;43;35;997;337;4;2;343
Caldas;Marulanda;152;3;7;162;132;12;3;147;62;1;0;63
Caldas;Neira;1.531;41;75;1.647;1.318;67;66;1.451;441;16;7;464
Caldas;Norcasia;602;14;22;638;412;23;57;492;165;3;5;173
Caldas;Pбcora;817;20;37;874;736;20;43;799;301;8;9;318
Caldas;Palestina;1.183;34;51;1.268;910;47;100;1.057;330;11;13;354
Caldas;Pensilvania;1.394;34;68;1.496;1.176;38;70;1.284;430;16;9;455
Caldas;Riosucio;3.450;26;173;3.649;2.867;76;225;3.168;1.076;32;59;1.167
Caldas;Risaralda;755;22;45;822;638;25;134;797;182;10;18;210
Caldas;Salamina;1.046;17;52;1.115;896;13;28;937;329;3;1;333
Caldas;Samanб;1.603;37;117;1.757;1.197;75;93;1.365;426;29;12;467
Caldas;San Josй;323;6;3;332;302;8;18;328;113;2;2;117
Caldas;Supнa;1.992;46;94;2.132;1.560;35;55;1.650;561;10;9;580
Caldas;Victoria;703;37;36;776;622;13;14;649;234;1;2;237
Caldas;Villamarнa;2.510;43;90;2.643;2.320;104;341;2.765;938;24;61;1.023
Caldas;Viterbo;862;25;36;923;660;54;220;934;316;13;3;332
Caquetб;Florencia;14.907;683;102;15.692;10.773;706;43;11.522;3.107;101;71;3.279
Caquetб;Albania;420;27;33;480;311;29;19;359;131;13;2;146
Caquetб;Belйn de los A aquies;1.164;46;16;1.226;734;55;7;796;234;10;2;246
Caquetб;Cartagena del Chairб;4.458;347;80;4.885;2.074;179;10;2.263;405;15;0;420
Caquetб;Curillo;1.015;47;0;1.062;600;40;0;640;167;11;0;178
Caquetб;El Doncello;1.842;82;65;1.989;1.305;86;94;1.485;489;24;15;528
Caquetб;El Paujil;1.490;48;29;1.567;924;43;74;1.041;185;8;19;212
Caquetб;La Montaсita;2.016;59;38;2.113;1.087;52;20;1.159;243;6;7;256
Caquetб;Milбn;1.216;57;0;1.273;653;40;0;693;175;14;0;189
Caquetб;Morelia;357;11;8;376;253;20;15;288;49;4;2;55
Caquetб;Puerto Rico;3.403;190;13;3.606;1.729;166;4;1.899;503;33;2;538
Caquetб;San Josй del Fragua;1.563;104;76;1.743;833;113;116;1.062;306;24;16;346
Caquetб;San Vicente del Caguбn;6.622;301;249;7.172;3.540;350;332;4.222;707;56;46;809
Caquetб;Solano;1.416;60;1;1.477;614;69;0;683;105;8;0;113
Caquetб;Solita;772;41;0;813;498;33;0;531;127;9;0;136
Caquetб;Valparaнso;732;29;27;788;456;34;16;506;120;6;2;128
Cauca;Popayбn;18.165;348;412;18.925;14.558;526;736;15.820;5.070;140;152;5.362
Cauca;Almaguer;1.087;8;116;1.211;772;31;142;945;292;11;65;368
Cauca;Argelia;2.589;90;236;2.915;1.509;133;122;1.764;345;12;19;376
Cauca;Balboa;1.597;33;162;1.792;1.157;28;57;1.242;364;4;4;372
Cauca;Bolнvar;2.657;59;135;2.851;1.948;61;108;2.117;750;11;30;791
Cauca;Buenos Aires;2.605;42;250;2.897;1.545;55;232;1.832;465;12;26;503
Cauca;Cajibнo;2.966;78;222;3.266;2.038;83;160;2.281;682;17;29;728
Cauca;Caldono;3.921;41;502;4.464;2.809;51;310;3.170;874;29;107;1.010
Cauca;Caloto;2.373;26;186;2.585;2.087;62;224;2.373;762;33;50;845
Cauca;Corinto;2.154;46;167;2.367;1.532;117;170;1.819;552;25;27;604
Cauca;El Tambo;4.080;57;364;4.501;2.385;52;377;2.814;733;11;86;830
Cauca;Florencia;492;2;46;540;332;13;27;372;115;3;3;121
Cauca;Guachene;1.378;6;143;1.527;918;10;265;1.193;328;6;69;403
Cauca;Guapi;4.375;30;102;4.507;2.229;13;56;2.298;677;1;6;684
Cauca;Inzб;2.953;24;355;3.332;2.038;71;276;2.385;614;27;71;712
Cauca;Jambalу;1.680;8;138;1.826;1.115;45;108;1.268;380;21;27;428
Cauca;La Sierra;763;9;46;818;570;17;44;631;186;14;25;225
Cauca;La Vega;1.205;27;147;1.379;839;68;138;1.045;342;17;36;395
Cauca;Lуpez;3.216;168;318;3.702;1.188;54;114;1.356;317;0;32;349
Cauca;Mercaderes;1.201;16;71;1.288;886;25;179;1.090;287;12;28;327
Cauca;Miranda;2.256;36;145;2.437;1.868;88;223;2.179;675;19;46;740
Cauca;Morales;3.068;81;370;3.519;1.994;151;199;2.344;642;42;37;721
Cauca;Padilla;775;49;9;833;613;8;34;655;226;2;2;230
Cauca;Paez;3.995;88;727;4.810;2.038;198;329;2.565;591;30;20;641
Cauca;Patнa;2.527;70;166;2.763;2.225;142;127;2.494;683;31;5;719
Cauca;Piamonte;1.007;38;85;1.130;441;35;37;513;87;0;4;91
Cauca;Pie amу;2.970;37;197;3.204;2.162;77;341;2.580;744;18;62;824
Cauca;Puerto Tejada;2.839;45;132;3.016;2.076;74;161;2.311;715;19;71;805
Cauca;Puracй;1.129;16;75;1.220;747;8;116;871;295;6;40;341
Cauca;Rosas;653;10;28;691;583;11;32;626;230;6;6;242
Cauca;San Sebastiбn;589;0;37;626;430;6;34;470;168;0;1;169
Cauca;Santander de Quilichao;7.895;110;687;8.692;4.946;270;1.142;6.358;1.677;53;235;1.965
Cauca;Santa Rosa;461;14;26;501;289;12;27;328;103;2;0;105
Cauca;Silvia;2.677;42;269;2.988;1.721;119;290;2.130;712;43;67;822
Cauca;Sotara;669;4;32;705;573;11;47;631;228;2;6;236
Cauca;Suбrez;2.044;21;136;2.201;1.360;39;91;1.490;403;13;9;425
Cauca;Sucre;431;22;21;474;380;12;21;413;106;3;1;110
Cauca;Timbнo;2.215;50;145;2.410;1.706;81;203;1.990;625;18;74;717
Cauca;Timbiquн;3.985;105;379;4.469;1.600;124;25;1.749;477;11;9;497
Cauca;Toribio;2.943;37;210;3.190;1.992;119;176;2.287;695;32;53;780
Cauca;Totorу;1.993;25;197;2.215;1.141;54;160;1.355;380;20;35;435
Cauca;Villa Rica;1.165;42;70;1.277;846;61;142;1.049;441;20;6;467
Cesar;Valledupar;31.674;817;1.370;33.861;24.957;844;2.006;27.807;8.407;167;571;9.145
Cesar;Aguachica;8.394;341;691;9.426;5.562;332;831;6.725;1.806;47;93;1.946
Cesar;Agustнn Codazzi;7.120;486;342;7.948;3.965;354;315;4.634;1.107;53;77;1.237
Cesar;Astrea;2.359;101;145;2.605;1.342;86;204;1.632;415;16;25;456
Cesar;Becerril;2.646;118;100;2.864;1.503;60;105;1.668;424;13;26;463
Cesar;Bosconia;4.020;299;176;4.495;2.673;222;219;3.114;874;40;62;976
Cesar;Chimichagua;4.267;129;219;4.615;2.567;69;345;2.981;843;10;54;907
Cesar;Chiriguanб;2.997;136;56;3.189;2.210;121;34;2.365;592;15;14;621
Cesar;Curumanн;3.745;67;207;4.019;2.611;59;158;2.828;942;11;34;987
Cesar;El Copey;3.282;204;212;3.698;2.100;168;169;2.437;561;27;28;616
Cesar;El Paso;4.500;192;118;4.810;2.735;136;215;3.086;812;26;29;867
Cesar;Gamarra;1.083;40;81;1.204;709;23;124;856;212;1;13;226
Cesar;Gonzбlez;417;12;17;446;215;32;67;314;61;2;5;68
Cesar;La Gloria;1.671;82;192;1.945;925;38;104;1.067;257;9;16;282
Cesar;La Jagua de Ibirico;4.649;133;111;4.893;2.908;105;147;3.160;784;13;55;852
Cesar;Manaure;982;57;79;1.118;799;79;188;1.066;331;20;30;381
Cesar;Pailitas;1.708;61;55;1.824;1.222;81;97;1.400;410;23;13;446
Cesar;Pelaya;2.197;105;155;2.457;1.183;83;242;1.508;408;18;12;438
Cesar;Pueblo Bello;3.479;204;298;3.981;1.137;144;244;1.525;339;19;49;407
Cesar;Rнo de Oro;1.550;78;96;1.724;936;58;58;1.052;345;9;10;364
Cesar;La Paz;3.168;186;32;3.386;1.853;122;31;2.006;519;10;2;531
Cesar;San Alberto;2.207;106;184;2.497;1.320;91;228;1.639;371;18;35;424
Cesar;San Diego;1.724;99;168;1.991;1.118;44;144;1.306;379;9;46;434
Cesar;San Martнn;2.200;152;229;2.581;1.387;134;238;1.759;426;15;27;468
Cesar;Tamalameque;1.853;32;72;1.957;1.315;44;57;1.416;430;10;7;447
Cуrdoba;Monterнa;33.401;697;3.890;37.988;23.709;899;4.340;28.948;7.984;217;1.062;9.263
Cуrdoba;Ayapel;5.699;87;55;5.841;3.492;77;59;3.628;963;21;11;995
Cуrdoba;Buenavista;2.351;72;0;2.423;1.593;39;0;1.632;490;4;2;496
Cуrdoba;Canalete;2.234;49;1;2.284;1.536;43;1;1.580;433;11;8;452
Cуrdoba;Ceretй;7.131;79;1;7.211;6.178;122;0;6.300;2.009;22;21;2.052
Cуrdoba;Chimб;1.217;9;58;1.284;954;9;27;990;414;4;6;424
Cуrdoba;Chinъ;4.230;48;18;4.296;3.004;66;58;3.128;1.131;17;10;1.158
Cуrdoba;Ciйnaga de Oro;5.877;49;37;5.963;4.273;71;42;4.386;1.468;19;30;1.517
Cуrdoba;Cotorra;1.452;35;12;1.499;1.064;90;1;1.155;331;15;0;346
Cуrdoba;La Apartada;1.551;32;0;1.583;980;38;0;1.018;280;4;12;296
Cуrdoba;Lorica;8.655;220;563;9.438;7.347;333;685;8.365;2.845;74;167;3.086
Cуrdoba;Los Cуrdobas;1.997;26;3;2.026;1.610;18;26;1.654;411;6;1;418
Cуrdoba;Momil;1.364;13;2;1.379;1.182;19;15;1.216;446;2;4;452
Cуrdoba;Montelнbano;8.381;96;39;8.516;5.707;185;34;5.926;1.756;40;19;1.815
Cуrdoba;Moсitos;2.935;55;0;2.990;2.381;83;0;2.464;798;15;2;815
Cуrdoba;Planeta Rica;6.402;97;76;6.575;4.867;123;86;5.076;1.616;42;29;1.687
Cуrdoba;Pueblo Nuevo;3.077;51;15;3.143;2.514;51;33;2.598;750;13;13;776
Cуrdoba;Puerto Esco ido;2.598;56;41;2.695;1.982;85;10;2.077;569;18;2;589
Cуrdoba;Puerto Libertador;5.436;128;7;5.571;2.994;129;11;3.134;705;24;2;731
Cуrdoba;Purнsima;1.444;6;7;1.457;1.262;35;74;1.371;471;5;34;510
Cуrdoba;Sahagъn;8.846;111;219;9.176;6.346;215;505;7.066;2.241;56;203;2.500
Cуrdoba;San A rйs Sotavento;4.515;56;47;4.618;3.207;113;89;3.409;1.295;25;48;1.368
Cуrdoba;San Antero;2.919;31;101;3.051;2.400;61;30;2.491;676;17;6;699
Cуrdoba;San Bernardo del Viento;3.421;28;2;3.451;2.605;23;10;2.638;707;7;3;717
Cуrdoba;San Carlos;2.551;43;7;2.601;1.914;65;0;1.979;626;21;15;662
Cуrdoba;San Josй de Urй;1.614;53;0;1.667;983;77;0;1.060;219;23;0;242
Cуrdoba;San Pelayo;3.363;69;11;3.443;2.792;103;105;3.000;1.016;32;26;1.074
Cуrdoba;Tierralta;12.848;252;191;13.291;7.201;252;204;7.657;1.825;65;52;1.942
Cуrdoba;Tuchнn;4.852;43;102;4.997;3.165;22;151;3.338;1.020;5;28;1.053
Cуrdoba;Valencia;4.306;87;8;4.401;3.111;105;6;3.222;971;16;5;992
Cundinamarca;Agua de Dios;520;18;18;556;575;16;10;601;223;4;9;236
Cundinamarca;Albбn;451;13;0;464;329;14;0;343;106;2;0;108
Cundinamarca;Anapoima;1.029;33;0;1.062;815;51;0;866;278;10;7;295
Cundinamarca;Anolaima;942;19;2;963;828;34;16;878;332;8;7;347
Cundinamarca;Arbelбez;845;26;2;873;684;22;22;728;230;8;4;242
Cundinamarca;Beltrбn;192;5;0;197;143;6;0;149;47;2;0;49
Cundinamarca;Bituima;179;1;0;180;136;7;0;143;43;1;0;44
Cundinamarca;Bojacб;723;10;0;733;586;17;0;603;162;3;10;175
Cundinamarca;Cabrera;454;4;0;458;286;5;0;291;85;2;1;88
Cundinamarca;Cachipay;545;16;0;561;433;12;15;460;124;1;0;125
Cundinamarca;Cajicб;3.175;59;129;3.363;2.623;108;249;2.980;937;19;44;1.000
Cundinamarca;Caparrapн;894;37;11;942;655;30;39;724;224;9;2;235
Cundinamarca;Caqueza;1.270;11;7;1.288;1.069;17;7;1.093;360;5;4;369
Cundinamarca;Carmen de Carupa;634;7;3;644;391;9;49;449;142;2;7;151
Cundinamarca;Chaguanн;217;3;0;220;175;1;0;176;62;0;0;62
Cundinamarca;Chнa;5.142;254;307;5.703;4.260;316;742;5.318;1.665;40;95;1.800
Cundinamarca;Chipaque;710;8;46;764;420;16;119;555;159;7;14;180
Cundinamarca;Choachн;864;16;0;880;837;19;0;856;318;4;0;322
Cundinamarca;Chocontб;1.813;28;13;1.854;1.314;28;3;1.345;431;3;0;434
Cundinamarca;Cogua;1.320;21;20;1.361;1.094;36;94;1.224;362;10;34;406
Cundinamarca;Cota;1.146;20;65;1.231;1.038;27;66;1.131;409;4;14;427
Cundinamarca;Cucunubб;709;8;0;717;503;14;0;517;152;5;0;157
Cundinamarca;El Colegio;1.718;44;0;1.762;1.412;98;0;1.510;495;17;5;517
Cundinamarca;El Peсуn;295;4;21;320;209;7;43;259;90;0;4;94
Cundinamarca;El Rosal;1.376;19;0;1.395;936;53;0;989;251;8;0;259
Cundinamarca;Facatativб;7.167;151;429;7.747;5.672;210;690;6.572;1.997;69;190;2.256
Cundinamarca;Fomeque;948;10;4;962;686;39;0;725;251;3;2;256
Cundinamarca;Fosca;568;2;14;584;371;25;14;410;122;3;3;128
Cundinamarca;Funza;4.092;96;41;4.229;3.115;157;185;3.457;1.167;34;44;1.245
Cundinamarca;Fъquene;524;4;17;545;522;11;68;601;192;4;5;201
Cundinamarca;Fusagasugб;6.451;221;385;7.057;5.312;371;717;6.400;2.119;72;126;2.317
Cundinamarca;Gachala;333;2;0;335;280;2;0;282;138;2;1;141
Cundinamarca;Gachancipб;1.062;23;0;1.085;629;49;0;678;162;3;2;167
Cundinamarca;Gachetб;635;4;34;673;524;5;68;597;198;5;6;209
Cundinamarca;Gama;223;0;0;223;195;13;0;208;85;0;0;85
Cundinamarca;Girardot;4.268;167;413;4.848;3.309;210;520;4.039;1.232;43;153;1.428
Cundinamarca;Granada;673;14;0;687;439;11;0;450;162;3;1;166
Cundinamarca;Guachetб;1.418;18;0;1.436;941;47;0;988;287;9;2;298
Cundinamarca;Guaduas;1.817;37;0;1.854;1.372;35;15;1.422;489;7;3;499
Cundinamarca;Guasca;1.152;10;62;1.224;1.106;44;106;1.256;408;11;29;448
Cundinamarca;Guataquн;165;1;0;166;166;7;0;173;58;2;0;60
Cundinamarca;Guatavita;503;3;0;506;383;8;0;391;139;1;0;140
Cundinamarca;Guayabal de Siquima;321;11;0;332;258;5;0;263;101;2;0;103
Cundinamarca;Guayabetal;640;1;2;643;427;13;0;440;123;0;1;124
Cundinamarca;Gutiйrrez;299;2;0;301;216;16;0;232;80;3;0;83
Cundinamarca;Jerusalйn;198;0;0;198;159;0;0;159;41;0;1;42
Cundinamarca;Junнn;405;4;0;409;334;8;0;342;140;2;0;142
Cundinamarca;La Calera;1.541;19;12;1.572;891;36;95;1.022;320;12;34;366
Cundinamarca;La Mesa;1.875;43;3;1.921;1.429;74;3;1.506;534;17;2;553
Cundinamarca;La Palma;599;7;0;606;530;18;0;548;233;2;0;235
Cundinamarca;La Peсa;391;2;11;404;285;2;14;301;144;1;5;150
Cundinamarca;La Vega;1.271;24;0;1.295;1.048;26;0;1.074;343;9;30;382
Cundinamarca;Lenguazaque;941;11;13;965;570;6;53;629;173;3;4;180
Cundinamarca;Macheta;418;2;12;432;344;1;86;431;137;1;18;156
Cundinamarca;Madrid;4.877;120;29;5.026;3.518;209;0;3.727;1.031;41;15;1.087
Cundinamarca;Manta;193;0;13;206;179;2;32;213;95;0;3;98
Cundinamarca;Medina;790;16;1;807;599;47;0;646;114;5;5;124
Cundinamarca;Mosquera;6.201;315;598;7.114;4.426;506;1.033;5.965;1.674;104;184;1.962
Cundinamarca;Nariсo;154;1;0;155;108;6;0;114;45;2;1;48
Cundinamarca;Nemocуn;1.121;30;0;1.151;765;35;0;800;273;7;2;282
Cundinamarca;Nilo;588;19;0;607;484;22;0;506;145;5;0;150
Cundinamarca;Nimaima;240;4;0;244;176;6;0;182;89;0;0;89
Cundinamarca;Nocaima;386;8;0;394;314;9;0;323;144;3;1;148
Cundinamarca;Venecia;387;8;0;395;308;7;0;315;104;1;1;106
Cundinamarca;Pacho;1.789;49;69;1.907;1.626;92;65;1.783;552;28;76;656
Cundinamarca;Paime;298;3;0;301;291;7;0;298;101;1;0;102
Cundinamarca;Pandi;376;3;0;379;283;1;0;284;121;6;1;128
Cundinamarca;Paratebueno;1.071;27;9;1.107;638;15;13;666;191;3;1;195
Cundinamarca;Pasca;766;12;2;780;875;18;59;952;281;5;17;303
Cundinamarca;Puerto Salgar;1.189;39;0;1.228;913;31;0;944;316;8;0;324
Cundinamarca;Pulн;221;2;1;224;160;3;1;164;62;1;0;63
Cundinamarca;Quebradanegra;278;6;5;289;243;5;49;297;81;0;8;89
Cundinamarca;Quetame;481;3;0;484;443;9;0;452;241;6;0;247
Cundinamarca;Quipile;500;9;2;511;426;18;11;455;158;7;4;169
Cundinamarca;Apulo;530;7;0;537;367;9;0;376;144;1;0;145
Cundinamarca;Ricaurte;625;22;0;647;519;29;0;548;129;6;0;135
Cundinamarca;San Antonio del Tequendama;786;17;0;803;628;45;0;673;269;6;2;277
Cundinamarca;San Bernardo;759;8;0;767;626;15;5;646;204;2;5;211
Cundinamarca;San Cayetano;316;5;0;321;343;4;0;347;138;3;1;142
Cundinamarca;San Francisco;791;51;0;842;485;33;0;518;188;2;0;190
Cundinamarca;San Juan de Rнo Seco;696;16;0;712;539;16;4;559;212;3;1;216
Cundinamarca;Sasaima;900;20;0;920;700;18;1;719;230;4;8;242
Cundinamarca;Sesquilй;937;13;1;951;759;12;0;771;250;2;5;257
Cundinamarca;Sibatй;2.083;30;3;2.116;1.776;65;0;1.841;540;11;14;565
Cundinamarca;Silvania;1.615;45;0;1.660;1.290;56;0;1.346;476;7;8;491
Cundinamarca;Simijaca;832;13;0;845;831;20;0;851;328;1;2;331
Cundinamarca;Soacha;34.075;594;2.048;36.717;26.073;902;3.801;30.776;9.756;187;686;10.629
Cundinamarca;Sopу;1.424;18;87;1.529;1.088;28;258;1.374;501;8;57;566
Cundinamarca;Subachoque;935;15;0;950;833;10;0;843;291;4;1;296
Cundinamarca;Suesca;1.186;30;0;1.216;975;42;0;1.017;371;9;4;384
Cundinamarca;Supatб;359;9;4;372;350;8;14;372;115;1;1;117
Cundinamarca;Susa;483;0;0;483;300;6;0;306;127;1;2;130
Cundinamarca;Sutatausa;594;5;0;599;331;9;0;340;95;1;0;96
Cundinamarca;Tabio;1.131;12;0;1.143;1.086;16;0;1.102;388;3;0;391
Cundinamarca;Tausa;752;6;0;758;609;12;0;621;211;2;0;213
Cundinamarca;Tena;549;7;0;556;562;14;0;576;200;6;3;209
Cundinamarca;Tenjo;1.227;36;64;1.327;769;72;200;1.041;314;16;26;356
Cundinamarca;Tibacuy;351;8;0;359;315;11;0;326;105;4;2;111
Cundinamarca;Tibirita;164;2;0;166;184;2;0;186;59;1;0;60
Cundinamarca;Tocaima;946;48;71;1.065;702;48;62;812;263;4;6;273
Cundinamarca;Tocancipб;2.856;39;136;3.031;2.131;52;313;2.496;715;15;133;863
Cundinamarca;Topaipн;287;2;0;289;247;6;0;253;123;4;1;128
Cundinamarca;Ubalб;741;14;0;755;613;8;0;621;253;5;0;258
Cundinamarca;Ubaque;498;10;33;541;370;6;43;419;151;2;4;157
Cundinamarca;Villa de San Diego de Ubate;2.911;43;0;2.954;2.433;69;9;2.511;744;13;40;797
Cundinamarca;Une;499;9;0;508;440;3;12;455;201;0;1;202
Cundinamarca;Ъtica;232;4;0;236;245;0;0;245;82;0;1;83
Cundinamarca;Vergara;470;8;0;478;346;12;0;358;143;1;0;144
Cundinamarca;Vianн;273;5;10;288;167;21;58;246;80;4;15;99
Cundinamarca;Villagуmez;133;7;0;140;159;4;0;163;71;4;0;75
Cundinamarca;Villapinzуn;1.420;10;0;1.430;1.199;58;124;1.381;426;12;42;480
Cundinamarca;Villeta;1.757;50;17;1.824;1.650;55;26;1.731;534;12;16;562
Cundinamarca;Viotб;1.089;22;62;1.173;904;36;46;986;331;9;3;343
Cundinamarca;Yacopн;1.154;9;0;1.163;744;19;0;763;270;6;1;277
Cundinamarca;Zipacуn;322;3;0;325;269;14;0;283;104;3;0;107
Cundinamarca;Zipaquirб;5.562;126;497;6.185;4.405;376;1.082;5.863;1.641;63;212;1.916
Chocу;Quibdу;14.362;143;1.381;15.886;8.367;126;1.571;10.064;2.924;25;176;3.125
Chocу;Acandн;1.514;124;193;1.831;738;116;230;1.084;212;6;23;241
Chocу;Alto Baudo;4.057;23;421;4.501;1.348;29;209;1.586;376;4;23;403
Chocу;Atrato;658;34;61;753;380;37;34;451;170;6;2;178
Chocу;Bagadу;1.914;11;303;2.228;601;10;48;659;201;6;23;230
Chocу;Bahнa Solano;1.283;99;204;1.586;769;40;81;890;258;7;16;281
Chocу;Bajo Baudу;2.800;112;300;3.212;1.123;58;166;1.347;300;14;31;345
Chocу;Bojaya;2.385;34;281;2.700;722;28;31;781;200;8;2;210
Chocу;El Cantуn del San Pablo;704;36;35;775;340;31;12;383;130;2;0;132
Chocу;Carmen del Darien;1.580;75;252;1.907;582;42;76;700;121;9;3;133
Chocу;Cйrtegui;498;2;30;530;333;4;49;386;127;9;2;138
Chocу;Condoto;1.308;52;109;1.469;920;62;124;1.106;422;17;20;459
Chocу;El Carmen de Atrato;1.166;23;68;1.257;537;35;66;638;206;18;12;236
Chocу;El Litoral del San Juan;1.816;64;305;2.185;942;46;171;1.159;313;27;35;375
Chocу;Istmina;3.840;173;300;4.313;2.531;155;312;2.998;840;30;47;917
Chocу;Juradу;570;17;121;708;244;16;28;288;89;6;8;103
Chocу;Llorу;1.817;18;152;1.987;584;27;50;661;175;8;9;192
Chocу;Medio Atrato;964;91;343;1.398;182;61;56;299;41;2;18;61
Chocу;Medio Baudу;1.684;100;158;1.942;536;48;30;614;133;8;9;150
Chocу;Medio San Juan;1.166;36;90;1.292;686;38;35;759;191;6;2;199
Chocу;Nуvita;1.048;4;52;1.104;477;16;46;539;105;5;1;111
Chocу;Nuquн;1.178;25;144;1.347;486;9;87;582;132;1;8;141
Chocу;Rнo Iro;815;22;91;928;348;18;60;426;114;1;3;118
Chocу;Rнo Quito;1.122;24;99;1.245;559;13;45;617;239;1;7;247
Chocу;Riosucio;4.862;263;492;5.617;1.923;201;279;2.403;446;21;23;490
Chocу;San Josй del Palmar;450;46;29;525;293;25;14;332;68;4;0;72
Chocу;Sipн;465;12;58;535;141;8;30;179;34;1;3;38
Chocу;Tadу;2.470;46;328;2.844;1.513;80;103;1.696;540;18;29;587
Chocу;Unguнa;1.523;63;266;1.852;894;65;137;1.096;189;12;21;222
Chocу;Uniуn Panamericana;723;46;96;865;381;34;32;447;133;11;8;152
Huila;Neiva;20.841;818;2.079;23.738;13.915;1.317;3.069;18.301;5.188;234;594;6.016
Huila;Acevedo;3.424;70;320;3.814;2.129;110;198;2.437;525;18;30;573
Huila;Agrado;872;2;22;896;599;14;30;643;234;2;3;239
Huila;Aipe;1.369;38;95;1.502;989;57;150;1.196;358;19;40;417
Huila;Algeciras;2.062;113;178;2.353;1.165;170;310;1.645;396;25;75;496
Huila;Altamira;298;7;28;333;213;16;33;262;68;3;1;72
Huila;Baraya;537;11;57;605;278;43;145;466;106;6;21;133
Huila;Campoalegre;2.215;58;137;2.410;1.602;121;335;2.058;403;12;37;452
Huila;Colombia;649;15;57;721;335;24;28;387;96;4;3;103
Huila;Elнas;350;5;19;374;232;21;30;283;61;5;10;76
Huila;Garzуn;5.722;198;335;6.255;3.993;359;734;5.086;1.460;43;90;1.593
Huila;Gigante;2.225;65;70;2.360;1.747;165;276;2.188;620;29;101;750
Huila;Guadalupe;1.683;46;92;1.821;1.207;49;211;1.467;297;25;33;355
Huila;Hobo;640;71;30;741;367;74;53;494;113;12;3;128
Huila;Iquira;1.018;36;108;1.162;562;58;135;755;185;8;11;204
Huila;Isnos;2.300;32;138;2.470;1.375;141;280;1.796;520;22;22;564
Huila;La Argentina;1.280;41;163;1.484;659;86;226;971;181;14;24;219
Huila;La Plata;5.933;116;435;6.484;3.619;229;593;4.441;1.204;46;92;1.342
Huila;Nбtaga;667;13;41;721;453;13;106;572;159;2;11;172
Huila;Oporapa;1.301;14;42;1.357;686;33;61;780;295;2;6;303
Huila;Paicol;508;13;19;540;338;27;48;413;105;8;22;135
Huila;Palermo;1.906;71;186;2.163;1.189;115;413;1.717;408;17;90;515
Huila;Palestina;1.147;35;33;1.215;770;54;34;858;239;21;20;280
Huila;Pital;1.362;24;37;1.423;817;48;138;1.003;290;5;16;311
Huila;Pitalito;11.089;435;995;12.519;6.617;694;1.919;9.230;2.158;120;378;2.656
Huila;Rivera;1.587;35;128;1.750;1.201;65;276;1.542;364;16;62;442
Huila;Saladoblanco;1.192;34;135;1.361;520;86;134;740;213;8;5;226
Huila;San Agustнn;2.764;32;99;2.895;1.664;78;178;1.920;630;20;27;677
Huila;Santa Marнa;1.016;11;40;1.067;589;40;110;739;210;11;15;236
Huila;Suaza;2.150;50;94;2.294;1.346;46;120;1.512;372;10;6;388
Huila;Tarqui;1.549;24;104;1.677;1.160;64;202;1.426;443;16;43;502
Huila;Tesalia;830;15;84;929;596;33;112;741;221;4;40;265
Huila;Tello;1.061;20;51;1.132;635;53;139;827;254;10;6;270
Huila;Teruel;664;25;83;772;377;39;68;484;125;7;9;141
Huila;Timanб;1.631;36;147;1.814;1.086;86;219;1.391;401;9;49;459
Huila;Villavieja;531;15;65;611;318;8;72;398;103;2;7;112
Huila;Yaguarб;490;9;15;514;424;25;68;517;173;2;3;178
La Guajira;Riohacha;21.309;770;2.484;24.563;12.902;519;1.633;15.054;3.247;71;184;3.502
La Guajira;Albania;3.052;132;0;3.184;1.991;52;0;2.043;586;5;3;594
La Guajira;Barrancas;3.247;45;25;3.317;2.270;64;28;2.362;591;4;11;606
La Guajira;Dibulla;3.704;120;0;3.824;2.283;95;0;2.378;542;5;1;548
La Guajira;Distracciуn;1.254;47;0;1.301;714;23;0;737;197;3;0;200
La Guajira;El Molino;480;14;0;494;455;26;0;481;95;3;0;98
La Guajira;Fonseca;4.441;69;23;4.533;2.800;96;49;2.945;746;16;24;786
La Guajira;Hatonuevo;1.779;32;23;1.834;1.199;36;24;1.259;358;4;17;379
La Guajira;La Jagua del Pilar;378;1;0;379;181;5;0;186;61;1;0;62
La Guajira;Maicao;21.796;369;52;22.217;12.221;297;87;12.605;3.224;53;85;3.362
La Guajira;Manaure;18.124;498;217;18.839;6.004;288;59;6.351;751;17;4;772
La Guajira;San Juan del Cesar;4.117;97;0;4.214;3.148;76;58;3.282;1.015;10;37;1.062
La Guajira;Uribia;23.870;649;2.913;27.432;6.801;363;778;7.942;1.354;25;80;1.459
La Guajira;Urumita;819;18;0;837;683;17;0;700;239;4;12;255
La Guajira;Villanueva;2.196;61;19;2.276;1.757;74;44;1.875;485;6;31;522
Magdalena;Santa Marta;32.923;1.232;949;35.104;29.324;1.346;1.518;32.188;10.013;306;358;10.677
Magdalena;Algarrobo;1.564;23;87;1.674;1.196;21;103;1.320;394;6;25;425
Magdalena;Aracataca;3.721;130;228;4.079;2.699;140;140;2.979;811;68;34;913
Magdalena;Ariguanн;3.721;51;100;3.872;2.579;30;50;2.659;742;3;5;750
Magdalena;Cerro San Antonio;1.025;58;57;1.140;506;43;38;587;169;3;2;174
Magdalena;Chibolo;2.453;61;67;2.581;1.595;108;40;1.743;401;27;6;434
Magdalena;Ciйnaga;9.736;320;4;10.060;7.898;428;6;8.332;2.515;106;16;2.637
Magdalena;Concordia;1.043;13;28;1.084;910;10;88;1.008;333;5;12;350
Magdalena;El Banco;7.807;157;290;8.254;5.567;151;263;5.981;1.596;41;55;1.692
Magdalena;El Piсon;1.718;34;111;1.863;1.286;92;41;1.419;435;13;7;455
Magdalena;El Retйn;2.990;23;169;3.182;1.860;23;197;2.080;669;10;29;708
Magdalena;Fundaciуn;7.080;296;192;7.568;5.029;217;296;5.542;1.607;32;35;1.674
Magdalena;Guamal;3.217;64;112;3.393;2.245;118;155;2.518;800;17;41;858
Magdalena;Nueva Granada;2.767;102;54;2.923;1.585;99;89;1.773;472;10;18;500
Magdalena;Pedraza;1.028;5;25;1.058;715;4;19;738;212;2;0;214
Magdalena;Pijiсo del Carmen;1.934;84;63;2.081;1.168;66;42;1.276;322;21;6;349
Magdalena;Pivijay;3.962;255;91;4.308;2.627;103;208;2.938;817;43;13;873
Magdalena;Plato;7.355;263;72;7.690;4.111;143;99;4.353;1.221;22;20;1.263
Magdalena;Puebloviejo;3.050;62;138;3.250;1.869;66;87;2.022;576;20;12;608
Magdalena;Remolino;766;14;14;794;434;26;71;531;164;3;11;178
Magdalena;Sabanas de San Angel;2.452;24;58;2.534;1.209;22;24;1.255;314;4;1;319
Magdalena;Salamina;786;43;28;857;623;53;55;731;207;9;21;237
Magdalena;San Sebastiбn de Buenavista;2.598;22;55;2.675;1.749;35;76;1.860;686;11;18;715
Magdalena;San Zenуn;1.514;36;58;1.608;966;24;22;1.012;279;3;3;285
Magdalena;Santa Ana;2.960;60;94;3.114;1.906;60;32;1.998;646;14;7;667
Magdalena;Santa Bбrbara de Pinto;1.514;18;81;1.613;908;18;30;956;249;14;3;266
Magdalena;Sitionuevo;2.722;143;184;3.049;1.558;91;93;1.742;408;17;10;435
Magdalena;Tenerife;1.688;47;59;1.794;1.149;17;35;1.201;384;6;7;397
Magdalena;Zapayбn;1.162;5;32;1.199;663;2;19;684;176;3;1;180
Magdalena;Zona Bananera;7.683;252;453;8.388;5.780;127;241;6.148;1.674;75;54;1.803
Meta;Villavicencio;33.895;1.041;1.093;36.029;25.470;1.327;2.698;29.495;8.906;322;522;9.750
Meta;Acacнas;5.877;198;198;6.273;4.325;363;463;5.151;1.550;71;109;1.730
Meta;Barranca de Upнa;705;14;0;719;508;12;16;536;174;2;4;180
Meta;Cabuyaro;579;28;31;638;336;54;27;417;59;14;9;82
Meta;Castilla la Nueva;1.120;28;65;1.213;812;37;140;989;280;2;18;300
Meta;Cubarral;551;14;34;599;410;26;64;500;125;6;1;132
Meta;Cumaral;1.818;63;127;2.008;1.376;139;194;1.709;579;29;15;623
Meta;El Calvario;166;7;1;174;182;27;7;216;70;1;0;71
Meta;El Castillo;761;40;42;843;523;39;33;595;140;4;0;144
Meta;El Dorado;306;7;7;320;334;19;14;367;121;5;4;130
Meta;Fuente de Oro;1.169;54;51;1.274;733;70;120;923;253;12;19;284
Meta;Granada;5.891;314;493;6.698;4.145;326;703;5.174;1.486;41;106;1.633
Meta;Guamal;805;43;25;873;667;26;93;786;220;3;5;228
Meta;Mapiripбn;865;72;140;1.077;261;43;33;337;42;9;7;58
Meta;Mesetas;1.015;34;52;1.101;494;45;57;596;128;8;3;139
Meta;La Macarena;1.967;154;163;2.284;1.039;79;55;1.173;244;13;10;267
Meta;Uribe;930;59;80;1.069;499;48;109;656;146;7;10;163
Meta;Lejanнas;965;30;46;1.041;630;76;63;769;227;17;32;276
Meta;Puerto Concordia;1.059;46;77;1.182;559;26;70;655;120;3;5;128
Meta;Puerto Gaitбn;5.539;135;183;5.857;2.554;137;213;2.904;715;14;14;743
Meta;Puerto Lуpez;3.352;165;141;3.658;2.171;175;240;2.586;738;19;35;792
Meta;Puerto Lleras;770;8;49;827;459;16;93;568;173;2;7;182
Meta;Puerto Rico;1.366;54;39;1.459;687;37;31;755;180;12;14;206
Meta;Restrepo;1.483;47;22;1.552;1.158;62;102;1.322;468;9;13;490
Meta;San Carlos de Guaroa;1.170;81;103;1.354;695;75;193;963;229;13;8;250
Meta;San Juan de Arama;646;58;28;732;526;57;50;633;143;13;15;171
Meta;San Juanito;155;4;0;159;117;3;2;122;46;0;0;46
Meta;San Martнn;2.110;93;50;2.253;1.417;211;230;1.858;437;35;38;510
Meta;Vistahermosa;1.878;125;111;2.114;1.062;130;117;1.309;297;19;15;331
Nariсo;Pasto;19.983;155;618;20.756;18.400;579;2.607;21.586;6.634;116;519;7.269
Nariсo;Albбn;532;2;0;534;621;13;0;634;229;2;1;232
Nariсo;Aldana;594;6;0;600;592;14;0;606;190;3;2;195
Nariсo;Ancuyб;410;2;0;412;479;0;0;479;206;1;1;208
Nariсo;Arboleda;499;3;0;502;499;28;0;527;189;4;2;195
Nariсo;Barbacoas;6.105;59;534;6.698;3.188;252;207;3.647;629;53;20;702
Nariсo;Belйn;378;1;0;379;369;15;0;384;127;1;2;130
Nariсo;Buesaco;1.727;5;20;1.752;1.165;8;21;1.194;353;0;4;357
Nariсo;Colуn;612;2;0;614;522;22;0;544;194;5;0;199
Nariсo;Consaca;654;2;5;661;621;4;10;635;211;1;1;213
Nariсo;Contadero;384;1;0;385;246;1;0;247;98;0;0;98
Nariсo;Cуrdoba;1.123;0;23;1.146;862;17;99;978;335;5;23;363
Nariсo;Cuaspud;546;1;0;547;428;1;0;429;146;3;1;150
Nariсo;Cumbal;2.646;12;1;2.659;2.233;15;0;2.248;938;7;5;950
Nariсo;Cumbitara;694;6;0;700;532;14;0;546;173;2;0;175
Nariсo;Chachagьн;886;8;0;894;810;33;0;843;269;10;0;279
Nariсo;El Charco;4.493;70;0;4.563;2.496;58;0;2.554;605;8;6;619
Nariсo;El Peсol;426;1;9;436;335;0;42;377;175;1;2;178
Nariсo;El Rosario;468;8;8;484;483;29;10;522;154;5;4;163
Nariсo;El Tablуn de Gуmez;1.007;8;36;1.051;818;40;66;924;362;11;8;381
Nariсo;El Tambo;874;9;0;883;817;15;0;832;365;7;0;372
Nariсo;Funes;398;1;1;400;370;6;0;376;164;2;1;167
Nariсo;Guachucal;1.149;3;0;1.152;1.032;3;2;1.037;451;0;3;454
Nariсo;Guaitarilla;671;5;0;676;648;9;0;657;276;1;4;281
Nariсo;Gualmatбn;453;0;0;453;482;3;0;485;158;0;0;158
Nariсo;Iles;502;1;0;503;536;3;17;556;211;1;4;216
Nariсo;Imuйs;416;0;0;416;431;9;0;440;186;3;3;192
Nariсo;Ipiales;9.334;62;6;9.402;7.307;93;6;7.406;2.339;14;9;2.362
Nariсo;La Cruz;1.052;1;0;1.053;1.098;27;0;1.125;454;13;5;472
Nariсo;La Florida;572;0;2;574;548;2;4;554;175;2;3;180
Nariсo;La Llanada;377;1;0;378;347;0;0;347;120;0;0;120
Nariсo;La Tola;1.027;16;0;1.043;702;0;0;702;220;0;1;221
Nariсo;La Uniуn;2.077;7;0;2.084;2.019;12;0;2.031;665;3;0;668
Nariсo;Leiva;740;7;0;747;657;14;27;698;213;5;0;218
Nariсo;Linares;621;6;16;643;498;6;66;570;187;1;7;195
Nariсo;Los Andes;714;7;0;721;678;40;22;740;269;17;7;293
Nariсo;Magьi;1.801;6;0;1.807;836;2;0;838;160;0;0;160
Nariсo;Mallama;681;1;0;682;529;5;0;534;199;1;0;200
Nariсo;Mosquera;1.050;2;0;1.052;605;1;0;606;153;0;1;154
Nariсo;Nariсo;187;0;7;194;211;6;37;254;106;1;8;115
Nariсo;Olaya Herrera;3.896;49;0;3.945;1.925;12;0;1.937;518;0;0;518
Nariсo;Ospina;406;0;0;406;400;5;0;405;164;1;1;166
Nariсo;Francisco Pizarro;1.064;8;46;1.118;514;7;46;567;122;1;10;133
Nariсo;Policarpa;1.211;5;0;1.216;787;1;1;789;209;1;0;210
Nariсo;Potosн;913;4;24;941;652;15;10;677;246;0;0;246
Nariсo;Providencia;294;0;0;294;281;6;53;340;125;2;13;140
Nariсo;Puerres;615;3;0;618;535;1;1;537;204;1;3;208
Nariсo;Pupiales;1.328;16;0;1.344;1.190;33;0;1.223;401;12;2;415
Nariсo;Ricaurte;2.376;4;143;2.523;1.231;9;29;1.269;335;0;6;341
Nariсo;Roberto Payбn;2.271;8;0;2.279;963;2;0;965;273;8;0;281
Nariсo;Samaniego;1.941;15;12;1.968;1.666;21;0;1.687;533;3;12;548
Nariсo;Sandonб;1.252;31;7;1.290;1.191;24;9;1.224;402;2;1;405
Nariсo;San Bernardo;531;1;12;544;454;15;0;469;177;5;0;182
Nariсo;San Lorenzo;1.326;4;2;1.332;1.168;19;11;1.198;485;3;0;488
Nariсo;San Pablo;903;0;0;903;907;29;0;936;293;8;3;304
Nariсo;San Pedro de Cartago;468;0;0;468;333;27;2;362;137;9;0;146
Nariсo;Santa Bбrbara;2.180;7;0;2.187;711;7;0;718;74;0;0;74
Nariсo;Santacruz;698;4;29;731;474;8;16;498;160;0;9;169
Nariсo;Sapuyes;441;1;0;442;423;4;0;427;137;1;0;138
Nariсo;Taminango;1.158;8;0;1.166;1.152;40;0;1.192;516;3;0;519
Nariсo;Tangua;611;2;4;617;516;6;3;525;214;2;0;216
Nariсo;San Andres de Tumaco;20.735;300;1.915;22.950;13.346;294;657;14.297;3.842;49;57;3.948
Nariсo;Tъquerres;3.184;15;73;3.272;2.489;42;171;2.702;842;5;11;858
Nariсo;Yacuanquer;623;5;9;637;613;18;20;651;290;6;10;306
Norte de Santander;Cъcuta;48.091;1.549;2.124;51.764;36.311;1.611;2.606;40.528;11.719;382;576;12.677
Norte de Santander;Abrego;3.757;140;146;4.043;1.778;158;124;2.060;473;21;40;534
Norte de Santander;Arboledas;779;19;33;831;509;19;2;530;234;5;0;239
Norte de Santander;Bochalema;562;20;37;619;457;38;61;556;144;4;8;156
Norte de Santander;Bucarasica;557;20;14;591;335;16;8;359;94;5;0;99
Norte de Santander;Cбcota;251;9;0;260;164;2;0;166;50;0;0;50
Norte de Santander;Cachirб;887;44;29;960;577;31;34;642;229;10;8;247
Norte de Santander;Chinбcota;1.317;42;18;1.377;968;37;146;1.151;386;15;26;427
Norte de Santander;Chitagб;961;17;10;988;703;11;18;732;175;1;4;180
Norte de Santander;Convenciуn;2.526;111;29;2.666;1.241;88;53;1.382;310;18;20;348
Norte de Santander;Cucutilla;615;18;24;657;469;16;46;531;203;1;3;207
Norte de Santander;Durania;320;8;6;334;253;13;22;288;95;1;2;98
Norte de Santander;El Carmen;1.597;64;49;1.710;371;53;125;549;169;7;29;205
Norte de Santander;El Tarra;2.843;135;49;3.027;1.311;36;23;1.370;318;22;2;342
Norte de Santander;El Zulia;2.425;84;61;2.570;1.834;110;141;2.085;507;18;23;548
Norte de Santander;Gramalote;481;8;0;489;346;7;0;353;154;4;0;158
Norte de Santander;Hacarн;1.567;25;6;1.598;529;16;26;571;129;3;10;142
Norte de Santander;Herrбn;213;5;20;238;118;6;15;139;51;1;4;56
Norte de Santander;Labateca;436;4;8;448;307;3;40;350;136;3;11;150
Norte de Santander;La Esperanza;1.333;52;36;1.421;759;45;77;881;190;7;10;207
Norte de Santander;La Playa;884;18;17;919;431;30;52;513;140;5;2;147
Norte de Santander;Los Patios;4.725;124;200;5.049;3.563;209;399;4.171;1.246;38;81;1.365
Norte de Santander;Lourdes;336;18;25;379;160;7;53;220;56;0;4;60
Norte de Santander;Mutiscua;321;2;13;336;226;21;55;302;64;9;18;91
Norte de Santander;Ocaсa;8.147;339;395;8.881;5.510;343;1.093;6.946;1.821;113;360;2.294
Norte de Santander;Pamplona;2.928;109;147;3.184;2.174;135;387;2.696;821;48;154;1.023
Norte de Santander;Pamplonita;447;10;14;471;322;13;10;345;141;3;2;146
Norte de Santander;Puerto Santander;766;26;102;894;511;49;64;624;147;14;6;167
Norte de Santander;Ragonvalia;369;16;49;434;305;21;56;382;52;3;6;61
Norte de Santander;Salazar;868;16;40;924;659;19;41;719;252;8;30;290
Norte de Santander;San Calixto;1.662;88;0;1.750;449;53;0;502;87;16;0;103
Norte de Santander;San Cayetano;609;17;65;691;372;13;29;414;118;0;9;127
Norte de Santander;Santiago;250;9;15;274;176;13;29;218;59;0;8;67
Norte de Santander;Sardinata;2.647;116;120;2.883;1.359;52;115;1.526;286;8;13;307
Norte de Santander;Silos;587;9;23;619;324;21;50;395;90;6;4;100
Norte de Santander;Teorama;2.300;133;50;2.483;860;89;20;969;252;26;5;283
Norte de Santander;Tibъ;6.962;402;353;7.717;3.019;232;504;3.755;734;26;41;801
Norte de Santander;Toledo;1.603;28;161;1.792;1.016;42;115;1.173;421;8;18;447
Norte de Santander;Villa Caro;514;29;41;584;224;65;26;315;89;3;0;92
Norte de Santander;Villa del Rosario;5.669;258;388;6.315;4.264;333;800;5.397;1.395;67;153;1.615
Quindio;Armenia;13.442;451;655;14.548;12.283;797;1.344;14.424;5.058;230;305;5.593
Quindio;Buenavista;193;14;15;222;153;9;3;165;68;3;4;75
Quindio;Calarca;4.265;118;188;4.571;3.394;163;403;3.960;1.365;43;103;1.511
Quindio;Circasia;1.458;59;64;1.581;1.261;76;146;1.483;446;11;27;484
Quindio;Cуrdoba;344;8;18;370;315;7;78;400;86;2;21;109
Quindio;Filandia;791;21;27;839;712;28;123;863;272;7;18;297
Quindio;Gйnova;539;25;9;573;371;47;83;501;161;5;4;170
Quindio;La Tebaida;2.174;105;113;2.392;1.793;192;188;2.173;778;34;49;861
Quindio;Montenegro;2.490;72;151;2.713;1.927;103;247;2.277;735;19;54;808
Quindio;Pijao;399;23;29;451;434;36;51;521;151;6;9;166
Quindio;Quimbaya;1.906;77;119;2.102;1.616;105;257;1.978;659;17;52;728
Quindio;Salento;478;7;9;494;288;5;66;359;108;0;12;120
Risaralda;Pereira;24.606;1.161;1.987;27.754;19.488;1.505;3.473;24.466;7.589;245;586;8.420
Risaralda;Apнa;803;27;9;839;629;44;51;724;251;8;10;269
Risaralda;Balboa;391;19;14;424;396;26;28;450;129;2;5;136
Risaralda;Belйn de Umbrнa;1.888;67;14;1.969;1.516;93;1;1.610;487;18;8;513
Risaralda;Dosquebradas;10.892;335;705;11.932;8.514;424;1.240;10.178;2.993;91;251;3.335
Risaralda;Guбtica;849;21;20;890;791;27;20;838;367;10;5;382
Risaralda;La Celia;521;24;30;575;384;24;40;448;114;5;1;120
Risaralda;La Virginia;2.192;63;57;2.312;1.702;168;193;2.063;774;42;44;860
Risaralda;Marsella;1.360;40;41;1.441;999;61;96;1.156;344;11;11;366
Risaralda;Mistratу;2.108;78;0;2.186;818;49;0;867;304;11;1;316
Risaralda;Pueblo Rico;2.503;32;222;2.757;1.066;51;61;1.178;328;10;29;367
Risaralda;Quinchнa;2.259;28;54;2.341;1.891;88;91;2.070;695;14;26;735
Risaralda;Santa Rosa de Cabal;4.819;151;53;5.023;4.031;210;176;4.417;1.472;47;36;1.555
Risaralda;Santuario;926;48;19;993;709;66;68;843;253;9;8;270
Santander;Bucaramanga;29.694;1.123;969;31.786;22.262;1.481;2.508;26.251;8.448;292;515;9.255
Santander;Aguada;106;2;0;108;86;3;0;89;36;1;0;37
Santander;Albania;266;3;4;273;220;3;11;234;79;0;2;81
Santander;Aratoca;639;2;15;656;595;7;8;610;251;5;1;257
Santander;Barbosa;1.732;45;41;1.818;1.232;68;246;1.546;416;13;68;497
Santander;Barichara;483;4;32;519;377;5;64;446;158;2;9;169
Santander;Barrancabermeja;16.462;284;1.381;18.127;11.068;495;2.862;14.425;3.655;85;506;4.246
Santander;Betulia;491;11;36;538;282;22;133;437;90;5;9;104
Santander;Bolнvar;910;10;22;942;703;19;63;785;277;2;25;304
Santander;Cabrera;127;0;0;127;119;0;0;119;31;0;0;31
Santander;California;136;3;22;161;105;1;7;113;28;1;2;31
Santander;Capitanejo;383;0;21;404;258;5;109;372;109;0;12;121
Santander;Carcasн;340;1;17;358;270;6;36;312;102;2;6;110
Santander;Cepitб;167;0;0;167;111;2;0;113;34;1;0;35
Santander;Cerrito;573;13;11;597;353;12;108;473;153;4;23;180
Santander;Charalб;895;11;14;920;831;31;27;889;350;11;9;370
Santander;Charta;187;1;16;204;102;0;24;126;47;1;2;50
Santander;Chima;203;5;6;214;133;5;17;155;50;2;0;52
Santander;Chipatб;243;1;7;251;238;4;40;282;96;2;2;100
Santander;Cimitarra;3.075;147;75;3.297;2.170;108;95;2.373;658;22;20;700
Santander;Concepciуn;440;4;18;462;214;8;61;283;87;1;1;89
Santander;Confines;228;6;0;234;173;4;0;177;28;3;0;31
Santander;Contrataciуn;244;3;12;259;204;5;51;260;86;3;3;92
Santander;Coromoro;447;2;3;452;316;1;0;317;101;0;0;101
Santander;Curitн;884;6;29;919;667;12;77;756;268;7;10;285
Santander;El Carmen de Chucurн;1.338;24;66;1.428;886;29;125;1.040;266;3;9;278
Santander;El Guacamayo;124;1;6;131;133;2;14;149;49;0;3;52
Santander;El Peсуn;427;12;22;461;233;12;12;257;100;2;0;102
Santander;El Playуn;1.247;48;37;1.332;658;46;186;890;236;12;23;271
Santander;Encino;186;4;7;197;107;8;2;117;29;1;0;30
Santander;Enciso;247;1;12;260;222;2;30;254;113;0;4;117
Santander;Floriбn;389;3;15;407;399;3;13;415;129;0;4;133
Santander;Floridablanca;11.370;328;569;12.267;9.325;489;1.361;11.175;3.429;112;281;3.822
Santander;Galбn;241;3;7;251;153;5;6;164;61;2;0;63
Santander;Gambita;354;11;36;401;224;9;31;264;55;1;5;61
Santander;Girуn;9.759;281;566;10.606;6.925;387;1.190;8.502;2.277;71;185;2.533
Santander;Guaca;450;8;51;509;254;10;64;328;83;2;8;93
Santander;Guadalupe;339;2;16;357;355;9;11;375;141;2;1;144
Santander;Guapotб;184;3;5;192;92;6;29;127;44;3;5;52
Santander;Guavatб;214;0;4;218;105;2;7;114;74;0;7;81
Santander;Gьepsa;296;6;11;313;262;9;61;332;111;2;15;128
Santander;Hato;172;4;11;187;120;4;26;150;41;1;0;42
Santander;Jesъs Marнa;216;1;13;230;189;2;26;217;109;4;8;121
Santander;Jordбn;112;1;11;124;81;7;18;106;20;1;1;22
Santander;La Belleza;557;3;19;579;359;13;89;461;125;1;19;145
Santander;La бzuri;1.044;14;21;1.079;696;20;70;786;240;7;13;260
Santander;La Paz;298;4;12;314;223;10;17;250;95;3;2;100
Santander;Lebrнja;2.604;74;136;2.814;2.040;148;313;2.501;615;39;116;770
Santander;Los Santos;1.108;17;9;1.134;875;44;35;954;305;16;10;331
Santander;Macaravita;168;0;5;173;115;2;19;136;74;1;9;84
Santander;Mбlaga;1.587;22;60;1.669;1.336;51;297;1.684;605;21;109;735
Santander;Matanza;502;8;24;534;345;15;44;404;126;3;7;136
Santander;Mogotes;949;7;55;1.011;631;10;101;742;235;8;19;262
Santander;Molagavita;262;2;8;272;216;4;25;245;88;1;2;91
Santander;Ocamonte;380;4;25;409;252;7;29;288;69;1;0;70
Santander;Oiba;812;18;18;848;761;25;83;869;328;16;18;362
Santander;Onzaga;308;1;4;313;198;2;21;221;59;0;0;59
Santander;Palmar;79;1;9;89;78;2;47;127;20;0;3;23
Santander;Palmas del Socorro;232;4;0;236;171;1;0;172;62;2;0;64
Santander;Pбramo;359;4;22;385;231;27;52;310;76;4;14;94
Santander;Piedecuesta;10.322;203;384;10.909;7.861;335;1.226;9.422;2.790;67;336;3.193
Santander;Pinchote;293;3;18;314;232;3;31;266;93;0;9;102
Santander;Puente Nacional;955;12;42;1.009;1.286;30;168;1.484;539;9;46;594
Santander;Puerto Parra;795;19;40;854;476;16;31;523;119;1;1;121
Santander;Puerto Wilches;3.680;77;283;4.040;2.064;133;402;2.599;579;22;68;669
Santander;Rionegro;2.371;103;130;2.604;1.643;110;181;1.934;576;23;14;613
Santander;Sabana de Torres;2.970;146;193;3.309;1.891;137;192;2.220;541;20;11;572
Santander;San Andrйs;626;5;25;656;511;16;72;599;199;10;17;226
Santander;San Benito;201;4;1;206;144;2;0;146;51;3;2;56
Santander;San Gil;3.366;85;121;3.572;2.757;104;381;3.242;1.159;29;106;1.294
Santander;San Joaquнn;187;0;7;194;141;5;11;157;26;0;1;27
Santander;San Josй de Miranda;298;3;15;316;179;0;44;223;51;2;9;62
Santander;San Miguel;170;0;6;176;136;3;35;174;78;1;2;81
Santander;San Vicente de Chucurн;2.392;68;164;2.624;1.837;49;197;2.083;671;26;44;741
Santander;Santa Bбrbara;163;5;7;175;102;7;18;127;49;1;3;53
Santander;Santa Helena del Opуn;331;6;9;346;260;3;1;264;52;0;0;52
Santander;Simacota;803;30;19;852;574;30;18;622;157;3;2;162
Santander;Socorro;1.696;24;54;1.774;1.627;56;121;1.804;609;17;22;648
Santander;Suaita;790;15;46;851;640;24;53;717;248;5;12;265
Santander;Sucre;578;7;27;612;442;9;40;491;163;6;15;184
Santander;Suratб;322;4;17;343;151;7;55;213;53;1;5;59
Santander;Tona;539;21;26;586;376;26;55;457;130;7;4;141
Santander;Valle de San Josй;409;3;4;416;336;5;17;358;126;1;0;127
Santander;Vйlez;1.137;22;54;1.213;1.019;26;209;1.254;405;3;42;450
Santander;Vetas;137;0;1;138;85;3;28;116;38;2;6;46
Santander;Villanueva;439;6;44;489;338;19;67;424;118;10;16;144
Santander;Zapatoca;720;15;53;788;513;16;37;566;193;2;17;212
Sucre;Sincelejo;19.402;454;1.765;21.621;14.294;613;2.653;17.560;5.614;143;617;6.374
Sucre;Buenavista;774;36;149;959;601;69;109;779;195;9;22;226
Sucre;Caimito;1.361;40;160;1.561;887;82;115;1.084;278;14;18;310
Sucre;Colosу;695;14;104;813;430;32;177;639;148;2;14;164
Sucre;Corozal;5.008;136;469;5.613;3.780;147;745;4.672;1.470;26;133;1.629
Sucre;Coveсas;1.456;17;100;1.573;993;28;186;1.207;382;8;38;428
Sucre;Chalбn;349;8;63;420;255;17;102;374;127;4;7;138
Sucre;El Roble;997;32;108;1.137;630;26;79;735;212;3;24;239
Sucre;Galeras;1.829;39;251;2.119;1.342;61;219;1.622;517;8;28;553
Sucre;Guaranda;1.908;59;208;2.175;1.011;86;93;1.190;223;11;20;254
Sucre;La Uniуn;1.181;11;173;1.365;895;12;95;1.002;315;0;26;341
Sucre;Los Palmitos;1.934;42;176;2.152;1.393;33;208;1.634;537;10;48;595
Sucre;Majagual;3.859;92;275;4.226;2.824;79;276;3.179;925;19;41;985
Sucre;Morroa;1.195;11;134;1.340;651;33;207;891;234;4;36;274
Sucre;Ovejas;2.138;32;228;2.398;1.415;47;173;1.635;543;16;64;623
Sucre;Palmito;1.521;2;102;1.625;995;1;121;1.117;316;1;36;353
Sucre;Sampuйs;4.065;55;460;4.580;2.756;99;480;3.335;874;19;122;1.015
Sucre;San Benito Abad;2.890;62;329;3.281;1.637;96;283;2.016;557;9;52;618
Sucre;San Juan de Betulia;1.064;24;70;1.158;755;23;124;902;335;3;24;362
Sucre;San Marcos;5.706;221;484;6.411;3.686;208;449;4.343;1.315;60;87;1.462
Sucre;San Onofre;5.921;223;800;6.944;3.394;98;494;3.986;1.109;12;71;1.192
Sucre;San Pedro;1.609;36;148;1.793;1.057;26;191;1.274;426;7;42;475
Sucre;Sincй;2.444;90;154;2.688;1.475;156;361;1.992;431;33;88;552
Sucre;Sucre;2.665;41;139;2.845;1.391;75;195;1.661;434;15;30;479
Sucre;Santiago de Tolъ;2.552;53;382;2.987;1.600;65;438;2.103;520;11;64;595
Sucre;Toluviejo;1.899;29;224;2.152;1.338;51;271;1.660;464;18;63;545
Tolima;Ibaguй;29.006;618;1.332;30.956;24.475;854;3.119;28.448;9.554;179;623;10.356
Tolima;Alpujarra;331;6;22;359;237;19;37;293;93;1;10;104
Tolima;Alvarado;640;18;41;699;463;43;80;586;154;7;10;171
Tolima;Ambalema;458;24;47;529;297;36;40;373;88;4;8;100
Tolima;Anzoбtegui;862;19;39;920;561;48;71;680;190;8;25;223
Tolima;Armero;968;24;17;1.009;802;24;33;859;262;15;12;289
Tolima;Ataco;2.500;66;35;2.601;1.338;46;14;1.398;375;7;5;387
Tolima;Cajamarca;1.496;38;47;1.581;1.137;41;71;1.249;373;5;8;386
Tolima;Carmen de Apicalб;676;13;24;713;587;17;56;660;209;1;8;218
Tolima;Casabianca;540;7;13;560;396;12;2;410;135;3;1;139
Tolima;Chaparral;4.839;109;259;5.207;2.901;95;424;3.420;919;39;60;1.018
Tolima;Coello;609;3;36;648;509;5;54;568;218;0;11;229
Tolima;Coyaima;2.548;42;133;2.723;1.790;70;128;1.988;715;25;18;758
Tolima;Cunday;709;17;25;751;607;54;65;726;197;12;5;214
Tolima;Dolores;657;18;29;704;471;11;79;561;182;1;15;198
Tolima;Espinal;3.885;123;372;4.380;3.050;150;749;3.949;1.172;37;127;1.336
Tolima;Falan;646;7;33;686;587;39;56;682;235;0;2;237
Tolima;Flandes;1.479;49;90;1.618;946;54;127;1.127;382;11;22;415
Tolima;Fresno;2.548;67;228;2.843;1.689;86;300;2.075;501;15;21;537
Tolima;Guamo;2.201;51;57;2.309;1.826;51;101;1.978;647;11;29;687
Tolima;Herveo;601;22;47;670;422;22;56;500;124;4;9;137
Tolima;Honda;1.258;37;119;1.414;1.023;37;186;1.246;393;6;26;425
Tolima;Icononzo;848;21;49;918;724;29;120;873;295;7;15;317
Tolima;Lйrida;1.213;29;32;1.274;1.045;34;35;1.114;357;4;6;367
Tolima;Lнbano;3.032;63;91;3.186;2.215;113;178;2.506;779;29;49;857
Tolima;Mariquita;2.636;96;148;2.880;2.066;135;218;2.419;602;28;30;660
Tolima;Melgar;2.881;54;188;3.123;2.051;61;382;2.494;670;10;76;756
Tolima;Murillo;326;8;48;382;193;23;57;273;62;5;9;76
Tolima;Natagaima;1.115;24;56;1.195;921;51;39;1.011;383;14;17;414
Tolima;Ortega;2.999;42;166;3.207;2.083;69;103;2.255;718;27;20;765
Tolima;Palocabildo;804;19;54;877;515;9;46;570;109;2;7;118
Tolima;Piedras;413;3;35;451;300;14;66;380;109;4;6;119
Tolima;Planadas;3.154;186;206;3.546;1.611;205;272;2.088;454;32;45;531
Tolima;Prado;728;28;29;785;581;40;44;665;197;6;8;211
Tolima;Purificaciуn;1.560;48;49;1.657;1.299;66;38;1.403;477;12;12;501
Tolima;Rioblanco;2.329;101;159;2.589;1.249;135;187;1.571;322;26;36;384
Tolima;Roncesvalles;501;31;39;571;346;32;50;428;104;9;5;118
Tolima;Rovira;2.324;93;106;2.523;1.571;108;133;1.812;505;23;15;543
Tolima;Saldaсa;1.031;17;7;1.055;875;18;41;934;350;0;21;371
Tolima;San Antonio;1.328;34;62;1.424;884;51;71;1.006;306;5;5;316
Tolima;San Luis;1.048;20;59;1.127;783;38;135;956;286;6;13;305
Tolima;Santa Isabel;566;13;7;586;429;12;15;456;112;3;7;122
Tolima;Suбrez;257;1;3;261;208;7;0;215;71;3;1;75
Tolima;Valle de San Juan;377;17;36;430;347;16;31;394;120;4;1;125
Tolima;Venadillo;1.125;12;15;1.152;834;16;27;877;249;3;15;267
Tolima;Villahermosa;873;31;36;940;529;55;42;626;133;14;7;154
Tolima;Villarrica;451;17;7;475;332;19;11;362;91;5;6;102
Valle del Cauca;Cali;89.637;2.291;5.462;97.390;73.845;2.826;10.314;86.985;26.831;543;1.873;29.247
Valle del Cauca;Alcalб;801;66;34;901;612;119;69;800;196;20;15;231
Valle del Cauca;Andalucнa;1.042;25;29;1.096;827;7;91;925;335;4;28;367
Valle del Cauca;Ansermanuevo;1.214;65;34;1.313;620;112;189;921;217;14;30;261
Valle del Cauca;Argelia;350;28;2;380;318;36;27;381;92;10;2;104
Valle del Cauca;Bolнvar;1.002;48;90;1.140;803;69;120;992;281;16;22;319
Valle del Cauca;Buenaventura;24.534;447;1.332;26.313;18.598;429;1.659;20.686;5.503;56;332;5.891
Valle del Cauca;Guadalajara de Buga;5.691;367;450;6.508;4.620;424;698;5.742;1.619;89;143;1.851
Valle del Cauca;Bugalagrande;1.280;10;40;1.330;1.266;20;55;1.341;470;5;13;488
Valle del Cauca;Caicedonia;1.586;73;89;1.748;1.254;105;148;1.507;403;41;27;471
Valle del Cauca;Calima El Darien;1.079;16;35;1.130;911;28;70;1.009;312;11;11;334
Valle del Cauca;Candelaria;4.325;134;240;4.699;3.468;156;638;4.262;1.135;31;145;1.311
Valle del Cauca;Cartago;7.101;100;584;7.785;5.517;141;1.198;6.856;2.120;24;193;2.337
Valle del Cauca;Dagua;2.525;70;178;2.773;1.852;91;257;2.200;679;14;26;719
Valle del Cauca;El Бguila;687;26;9;722;494;13;53;560;157;4;9;170
Valle del Cauca;El Cairo;459;32;10;501;331;36;19;386;130;8;3;141
Valle del Cauca;El Cerrito;2.907;134;151;3.192;2.342;162;275;2.779;864;43;67;974
Valle del Cauca;El Dovio;682;22;51;755;453;37;40;530;130;11;7;148
Valle del Cauca;Florida;3.898;217;266;4.381;2.752;198;421;3.371;1.069;50;51;1.170
Valle del Cauca;Ginebra;1.034;16;107;1.157;1.344;47;243;1.634;438;8;40;486
Valle del Cauca;Guacarн;1.892;20;98;2.010;1.537;58;192;1.787;555;10;25;590
Valle del Cauca;Jamundн;6.503;378;697;7.578;5.097;327;1.115;6.539;1.784;60;190;2.034
Valle del Cauca;La Cumbre;765;20;30;815;770;23;109;902;265;8;28;301
Valle del Cauca;La Uniуn;2.036;48;125;2.209;1.722;104;184;2.010;668;26;28;722
Valle del Cauca;La Victoria;717;28;42;787;709;40;58;807;253;6;19;278
Valle del Cauca;Obando;713;37;35;785;474;46;69;589;190;11;8;209
Valle del Cauca;Palmira;16.437;534;1.201;18.172;12.704;789;2.108;15.601;4.209;151;365;4.725
Valle del Cauca;Pradera;3.048;74;335;3.457;2.538;84;372;2.994;836;17;78;931
Valle del Cauca;Restrepo;1.262;35;93;1.390;976;46;52;1.074;369;5;5;379
Valle del Cauca;Riofrнo;1.105;47;83;1.235;804;67;125;996;258;17;23;298
Valle del Cauca;Roldanillo;1.795;60;70;1.925;1.940;83;125;2.148;685;22;16;723
Valle del Cauca;San Pedro;926;10;57;993;753;28;37;818;275;6;1;282
Valle del Cauca;Sevilla;2.162;85;96;2.343;1.763;93;384;2.240;551;18;65;634
Valle del Cauca;Toro;986;39;16;1.041;787;72;39;898;264;13;14;291
Valle del Cauca;Trujillo;1.219;52;48;1.319;1.043;66;53;1.162;375;27;19;421
Valle del Cauca;Tuluб;9.630;363;560;10.553;9.211;654;957;10.822;3.802;167;205;4.174
Valle del Cauca;Ulloa;362;33;23;418;218;26;39;283;98;1;4;103
Valle del Cauca;Versalles;407;27;39;473;322;43;25;390;124;6;8;138
Valle del Cauca;Vijes;673;9;48;730;569;13;65;647;232;4;21;257
Valle del Cauca;Yotoco;1.062;14;42;1.118;798;19;64;881;293;2;13;308
Valle del Cauca;Yumbo;6.119;200;160;6.479;5.124;318;454;5.896;1.619;68;64;1.751
Valle del Cauca;Zarzal;2.529;108;59;2.696;2.038;157;154;2.349;759;30;38;827
Arauca;Arauca;8.144;225;0;8.369;5.117;193;0;5.310;1.444;33;16;1.493
Arauca;Arauquita;4.624;83;0;4.707;2.645;115;0;2.760;697;16;4;717
Arauca;Cravo Norte;396;14;0;410;228;14;0;242;74;6;0;80
Arauca;Fortul;2.497;79;0;2.576;1.489;60;0;1.549;449;20;12;481
Arauca;Puerto Rondуn;455;11;0;466;220;10;0;230;60;2;0;62
Arauca;Saravena;5.645;88;0;5.733;3.716;92;0;3.808;1.044;12;2;1.058
Arauca;Tame;6.432;138;0;6.570;4.420;128;0;4.548;1.308;34;11;1.353
Casanare;Yopal;12.777;234;681;13.692;9.742;262;1.171;11.175;3.406;72;115;3.593
Casanare;Aguazul;2.976;67;168;3.211;2.028;83;388;2.499;849;17;111;977
Casanare;Chameza;168;1;3;172;109;4;21;134;40;0;3;43
Casanare;Hato Corozal;1.402;45;178;1.625;780;55;197;1.032;295;6;43;344
Casanare;La Salina;115;0;10;125;89;0;16;105;33;1;1;35
Casanare;Manн;1.435;56;34;1.525;858;76;137;1.071;297;7;22;326
Casanare;Monterrey;1.381;27;43;1.451;967;45;163;1.175;409;12;27;448
Casanare;Nunchнa;836;18;34;888;479;28;57;564;159;5;16;180
Casanare;Orocuй;1.300;40;42;1.382;862;47;45;954;228;4;3;235
Casanare;Paz de Ariporo;3.981;100;107;4.188;2.354;92;247;2.693;736;24;60;820
Casanare;Pore;1.057;24;62;1.143;713;52;65;830;238;7;5;250
Casanare;Recetor;81;0;6;87;49;1;10;60;21;1;1;23
Casanare;Sabanalarga;258;4;20;282;285;16;13;314;102;2;5;109
Casanare;Sбcama;97;0;0;97;110;0;0;110;36;0;0;36
Casanare;San Luis de Palenque;701;13;53;767;369;25;78;472;120;2;6;128
Casanare;Tбmara;807;16;41;864;429;16;35;480;114;3;3;120
Casanare;Tauramena;2.094;48;53;2.195;1.656;43;174;1.873;640;17;44;701
Casanare;Trinidad;1.389;46;118;1.553;940;72;78;1.090;280;20;15;315
Casanare;Villanueva;2.903;73;118;3.094;2.092;92;245;2.429;667;17;23;707
Putumayo;Mocoa;4.167;120;248;4.535;3.336;309;570;4.215;1.060;60;120;1.240
Putumayo;Colуn;374;5;20;399;285;19;34;338;115;3;7;125
Putumayo;Orito;3.867;88;155;4.110;2.551;193;439;3.183;982;58;106;1.146
Putumayo;Puerto Asнs;6.058;238;634;6.930;3.739;359;786;4.884;1.203;74;144;1.421
Putumayo;Puerto Caicedo;1.058;38;81;1.177;645;72;130;847;187;17;23;227
Putumayo;Puerto Guzmбn;2.647;209;143;2.999;1.393;214;103;1.710;312;59;26;397
Putumayo;Leguнzamo;2.868;170;111;3.149;1.593;141;108;1.842;452;17;34;503
Putumayo;Sibundoy;1.183;9;45;1.237;1.167;31;139;1.337;519;8;17;544
Putumayo;San Francisco;352;9;18;379;252;11;74;337;87;2;4;93
Putumayo;San Miguel;1.612;75;110;1.797;1.245;110;79;1.434;482;27;18;527
Putumayo;Santiago;519;22;15;556;378;43;37;458;148;10;9;167
Putumayo;Valle del Guamuez;2.669;95;175;2.939;2.250;169;261;2.680;876;50;46;972
Putumayo;Villagarzуn;2.283;98;187;2.568;1.621;200;297;2.118;525;35;55;615
Archipiйlago de San A rйs, Providencia y Santa Catalina;San Andrйs;3.256;94;96;3.446;2.305;52;217;2.574;819;7;37;863
Archipiйlago de San A rйs, Providencia y Santa Catalina;Providencia;392;1;4;397;318;0;0;318;117;0;0;117
Amazonas;Leticia;5.526;259;426;6.211;3.997;358;165;4.520;1.303;89;55;1.447
Amazonas;El Encanto;204;6;0;210;101;6;0;107;31;3;0;34
Amazonas;La Chorrera;382;1;0;383;202;2;0;204;49;5;2;56
Amazonas;La Pedrera;583;0;0;583;218;2;0;220;43;0;2;45
Amazonas;La Victoria;;;;;;;;;;;;
Amazonas;Miriti - Paranб;108;0;0;108;97;2;0;99;40;0;1;41
Amazonas;Puerto Alegrнa;104;1;0;105;27;0;0;27;0;0;0;0
Amazonas;Puerto Arica;140;0;0;140;49;0;0;49;0;0;0;0
Amazonas;Puerto Nariсo;1.004;23;39;1.066;508;64;28;600;163;15;10;188
Amazonas;Puerto Santa er;259;4;9;272;54;7;14;75;9;1;3;13
Amazonas;Tarapacб;490;2;0;492;253;1;0;254;50;0;2;52
Guainнa;Inнrida;3.155;206;566;3.927;1.474;193;367;2.034;343;17;35;395
Guainнa;Barranco Minas;856;56;334;1.246;409;45;108;562;118;10;15;143
Guainнa;Mapiripana;53;8;66;127;61;21;27;109;22;5;2;29
Guainнa;San Felipe;191;5;10;206;75;11;5;91;29;0;2;31
Guainнa;Puerto Colombia;237;10;9;256;43;7;0;50;0;0;0;0
Guainнa;La Guadalupe;44;6;1;51;0;0;0;0;0;0;0;0
Guainнa;Cacahual;155;23;23;201;0;0;0;0;0;0;0;0
Guainнa;Pana Pana;85;17;10;112;62;10;2;74;11;0;1;12
Guainнa;Morichal;53;12;14;79;43;5;7;55;10;2;0;12
Guaviare;San Josй del Guaviare;5.665;171;372;6.208;3.254;224;550;4.028;901;32;86;1.019
Guaviare;Calamar;714;21;106;841;330;7;151;488;101;2;27;130
Guaviare;El Retorno;1.423;36;89;1.548;900;30;42;972;249;5;11;265
Guaviare;Miraflores;464;8;66;538;233;6;41;280;67;0;4;71
Vaupйs;Mitъ;3.228;125;486;3.839;1.754;112;242;2.108;438;26;63;527
Vaupйs;Caruru;394;6;0;400;171;13;0;184;62;4;1;67
Vaupйs;Pacoa;170;7;36;213;84;0;0;84;25;0;0;25
Vaupйs;Taraira;215;0;41;256;89;0;37;126;26;0;2;28
Vaupйs;Papunaua;;;;;;;;;;;;
Vaupйs;Yavaratй;195;16;3;214;61;2;10;73;18;1;0;19
Vichada;Puerto Carreсo;1.923;212;298;2.433;1.061;114;212;1.387;338;30;37;405
Vichada;La Primavera;1.123;69;217;1.409;690;44;57;791;222;7;7;236
Vichada;Santa Rosalнa;466;34;71;571;232;30;43;305;82;7;1;90
Vichada;Cumaribo;5.126;482;2.194;7.802;1.633;225;253;2.111;317;21;20;358
TOTAL;;3.208.232;84.093;158.971;3.451.296;2.323.542;102.945;214.931;2.641.418;805.371;21.276;43.870;870.517
